"artist_id","artist_name","genres"
"6Ff53KvcvAj5U7Z1vojB5o","*NSYNC","boy band,dance pop,pop"
"17lzZA2AlOHwCwFALHttmp","2 Chainz","atl hip hop,gangster rap,hip hop,pop rap,rap,southern hip hop,trap"
"1URnnhqYAYcrqrcwql10ft","21 Savage","atl hip hop,rap,trap"
"6fWVd57NKTalqvmjRd2t8Z","24kGoldn","cali rap"
"5Rl15oVamLq7FbSb0NNBNy","5 Seconds of Summer","boy band,dance pop,electropop,pop,post-teen pop"
"4IVAbR2w4JJNJDDRFP3E83","6LACK","alternative r&b,atl hip hop,hip hop,melodic rap,pop rap,r&b,rap,trap"
"7gZfnEnfiaHzxARJ2LeXrf","6ix9ine","emo rap,rap"
"31W5EY0aAly4Qieq6OFu6I","A Boogie Wit da Hoodie","melodic rap,pop rap,rap,trap"
"5dHt1vcEm9qb8fCyLcB3HL","A$AP Ferg","hip hop,pop rap,rap,southern hip hop,trap,underground hip hop"
"13ubrt8QOOCPljQ2FL1Kca","A$AP Rocky","east coast hip hop,hip hop,rap,trap"
"711MCceyCBcFnzjGY4Q7Un","AC/DC","australian rock,hard rock,rock"
"77qukKzmdI5BeMBR7WGUrN","Aaron Smith","chicago house"
"0g9vAlRPK9Gt3FKCekk4TW","Ab-Soul","alternative hip hop,conscious hip hop,escape room,hip hop,rap,southern hip hop,underground hip hop"
"7eLcDZDYHXZCebtQmVFL25","Aitana","latin pop,latin talent show,spanish pop"
"7vk5e3vY1uw9plTHJAMwjN","Alan Walker","electro house"
"5IH6FPUwQTxPSXurCrcIov","Alec Benjamin","alt z,electropop,pop"
"2wUjUUtkb5lvLKcGKsKqsR","Alessia Cara","canadian contemporary r&b,canadian pop,dance pop,electropop,pop,post-teen pop"
"4AVFqumd2ogHFlRbKIjp1t","Alesso","dance pop,edm,electro house,pop,pop dance,progressive electro house,tropical house"
"2DspEsT7UXGKd2VaaedgG4","Alex Rose","latin,reggaeton,reggaeton flow,trap latino"
"0OROVBEZCocg0FcgJpyBse","Alex Sensation","reggaeton,reggaeton flow,trap latino"
"4rTv3Ejc7hKMtmoBOK1B4T","Ali Gatie","canadian hip hop,pop"
"2urF8dgLVfDjunO0pcHUEe","Alvaro Soler","latin pop"
"6kq4GHwUcUojGIu0ziSNXf","Amenazzy","dominican pop,latin,latin hip hop,rap dominicano,reggaeton,reggaeton flow,trap latino"
"3Gm5F95VdRxW3mqCn8RPBJ","Aminé","hip hop,pop rap,portland hip hop,rap,underground hip hop"
"3jK9MiCrA42lLAdMGUZpwa","Anderson .Paak","escape room"
"4sj6D0zlMOl25nprDJBiU9","Andy Williams","adult standards,brill building pop,easy listening,lounge,mellow gold,vocal jazz"
"7FNnA9vBm6EKceENgCGRMb","Anitta","funk carioca,funk pop,pagode baiano,pop nacional"
"1zNqDE7qDGCsyzJwohVaoX","Anne-Marie","dance pop,pop,pop dance,post-teen pop,tropical house,uk pop"
"4jpsw9CQS439N0B7SecMgf","Ant Saunders","chill r&b,pop"
"2R21vXR83lH98kGeO99Y66","Anuel AA","latin,reggaeton,reggaeton flow,trap boricua,trap latino"
"1qQLhymHXFPtP5U8KNKsm6","Apache 207","german hip hop"
"7Ln80lUS6He07XvHI8qqHH","Arctic Monkeys","garage rock,modern rock,permanent wave,rock,sheffield indie"
"7nwUJBm0HE4ZxD3f5cy5ok","Aretha Franklin","classic soul,jazz blues,memphis soul,soul,southern soul"
"66CXWjxzNUsdJxJ2JdwvnR","Ariana Grande","dance pop,pop,post-teen pop"
"0vRvGUQVUjytro0xpb26bs","Arizona Zervas","pop rap,rhode island rap"
"0SfsnGyD8FpIN4U4WCkBZ5","Armin van Buuren","dutch trance,edm,pop dance,progressive house,trance"
"14scxEoUN7Dcx1m4EQ7oHe","Ashley O",""
"4npEfmQ6YuiwW1GpUmaq3F","Ava Max","dance pop,pop"
"1vCWHaC5f2uS3yhpwWbIA6","Avicii","dance pop,edm,pop,pop dance"
"0p4nmQO2msCgU4IF37Wi3j","Avril Lavigne","canadian pop,candy pop,dance pop,pop,post-teen pop"
"2XnBwblw31dfGnspMIwgWz","Axwell /\ Ingrosso","dance pop,edm,electro house,pop,pop dance,tropical house"
"39KEQQAG9JhIt71g9NEVhh","Azet","albanian hip hop,german hip hop"
"41MozSoPIsD1dJM0CLPjZF","BLACKPINK","k-pop,k-pop girl group"
"1Bl6wpkWCQ4KVgnASpvzzA","BROCKHAMPTON","boy band,hip hop,rap"
"3Nrfpe0tUJi4K4DXYWgMUX","BTS","k-pop,k-pop boy group"
"4q3ewBCX7sLwd24euuV69X","Bad Bunny","latin,reggaeton,trap latino"
"2uFC1dAj5b0YU7vulKNZ0p","Banx & Ranx","basshall"
"35S20clEkkSNUo23ViaslZ","Band Aid","musical advocacy"
"4GvEc3ANtPPjt1ZJllr5Zl","Bazzi","dance pop,electropop,pop,post-teen pop"
"64M6ah0SkkRsnPGtGiRAbb","Bebe Rexha","dance pop,electropop,pop,post-teen pop"
"4obzFoKoKRHIphyHzJ35G3","Becky G","dance pop,latin,latin pop,latin viral pop,pop,rap latina,reggaeton,trap latino"
"6vWDO969PvNqNYHIOW5v0m","Beyoncé","dance pop,pop,post-teen pop,r&b"
"0c173mlxpT3dSFRgMO8XPh","Big Sean","detroit hip hop,hip hop,pop rap,rap,southern hip hop,trap"
"7mnAzEmgquhrVtGob81SmO","Big Shaq","london rap"
"6qqNVTkY8uBg9cP3Jd7DAH","Billie Eilish","electropop,pop"
"6ZjFtWeHP9XN7FeKSUe80S","Bing Crosby","adult standards,easy listening,lounge"
"716NhGYqD1jl2wI1Qkgq36","Bizarrap","argentine hip hop,pop venezolano,trap argentino,trap latino"
"1yxSLGMDHlW21z4YXirZDS","Black Eyed Peas","dance pop,pop,pop rap"
"3yzRiNMZdTsSUgplcyYZ4i","Blanco Brown","country rap"
"4TEJudQY2pXxVHPE3gD2EU","BlocBoy JB","memphis hip hop,rap,southern hip hop,tennessee hip hop,trap,vapor trap"
"3Fl1V19tmjt57oBdxXKAjJ","Blueface","cali rap,trap"
"38EmEgXkgK51MT2tPY0EoC","Bobby Helms",""
"5n9bMYfz9qss2VOW89EVs2","Bomba Estéreo","cumbia,latin alternative,latin rock,pop electronico"
"54R6Y0I7jGUCveDTtI21nb","Boney M.","europop"
"1aS5tqEs9ci5P9KD9tZWa6","Bonez MC","german hip hop,hamburg hip hop"
"4cPHsZM98sKzmV26wlwD2W","Brenda Lee","adult standards,brill building pop,easy listening,lounge,rockabilly,vocal jazz"
"0qSX3s5pJnAlSsgsCne8Cz","Brett Eldredge","contemporary country,country,country road,modern country rock"
"26dSoYclwsYLMAKD3tpOr4","Britney Spears","dance pop,pop,post-teen pop"
"3eqjTLE0HfPfh78zjh6TqT","Bruce Springsteen","classic rock,heartland rock,mellow gold,permanent wave,rock,singer-songwriter"
"0du5cEVh5yTK9QJze8zA0C","Bruno Mars","dance pop,pop"
"6w9ToX5slZ4uIdmD17hJ3c","Bryant Myers","latin,reggaeton,reggaeton flow,trap latino"
"1ShZZUjkbXCjhwrb18BA8I","Bryce Vine","pop,pop rap"
"00XhexlJEXQstHimpZN910","Brytiago","latin,latin hip hop,reggaeton,reggaeton flow,trap latino"
"0MHgLfmQdutffmvWe5XBTN","Burl Ives","adult standards,american folk revival"
"3c96G4d2lUOxhomM2mby5S","Bushido","deep german hip hop,german hip hop"
"5TYxZTjIPqKM8K8NuP9woO","C. Tangana","urbano espanol"
"0eecdvMrqBftK0M1VKhaF4","CNCO","boy band,latin,latin pop,reggaeton"
"0HkcYmcjrBR3SCw9Ld5VZk","Calboy","chicago rap,melodic rap,rap,trap,vapor trap"
"6ydoSd3N2mwgwBHtF6K7eX","Calum Scott","indie cafe pop,pop"
"7CajNmpbOovFoOoasH2HaY","Calvin Harris","dance pop,edm,electro house,house,pop,progressive house,uk dance"
"4nDoRrQiYLoBzwC5BhVJzF","Camila Cabello","dance pop,electropop,pop,post-teen pop"
"28gNT5KBp7IjEOQoevXf9N","Camilo","colombian pop,reggaeton colombiano"
"4WZGDpNwrC0vNQyl9QzF7d","Capital Bra","german hip hop"
"5SulO4l40qDuV9zUGLZx7n","Capo Plaza","italian hip hop,trap italiana"
"4kYSro6naA4h99UJvo89HB","Cardi B","dance pop,pop,pop rap,rap"
"4vhNDa5ycK0ST968ek7kRr","Carlos Vives","champeta,colombian pop,latin,latin pop,tropical,vallenato"
"7CCjtD0hCK005Bvg2WG1a7","Carnage","edm,electro house,electronic trap,pop rap,trap"
"2LZDXcxJWgsJfKXZv9a5eG","Cashmere Cat","dance pop,downtempo,pop,post-teen pop,shiver pop"
"2QUvtLq6oQaX0LNsYY2fas","Cauty","latin,perreo,reggaeton,reggaeton flow,trap latino"
"1anyVhU62p31KFi8MEzkbf","Chance the Rapper","chicago rap,conscious hip hop,hip hop,pop rap,rap"
"25uiPmTg16RbhZWAqwLBy5","Charli XCX","art pop,candy pop,dance pop,electropop,hyperpop,metropopolis,pop,post-teen pop,uk pop"
"2A8E3AkJcqNyuXSvHpyRbp","Charlie Charles",""
"6VuMaDnrHyPL1p4EHjYLi7","Charlie Puth","dance pop,pop,post-teen pop,viral pop"
"7DMveApC7UnC2NPfPvlHSU","Cheat Codes","dance pop,edm,electro house,electropop,pop,pop dance,pop edm,post-teen pop,tropical house"
"73sIBHcqh3Z3NyqHKZ7FOL","Childish Gambino","atl hip hop,hip hop,pop rap,rap"
"6tkyhGe9hGI3Lcfo4gVh6Z","ChocQuibTown","colombian hip hop,colombian pop,latin,latin alternative,latin pop,reggaeton colombiano,salsa choke"
"7bXgB6jMjp9ATFy66eO08Z","Chris Brown","dance pop,pop,pop rap,r&b,rap"
"0qTZZWLzuD59Un5r1speHm","Chris Jedi","latin,latin hip hop,reggaeton,reggaeton flow,trap latino"
"5KEG7G8LDYlHgFDqZyEEs2","Chris Rea","art rock,blues rock,classic rock,classic uk pop,mellow gold,soft rock,sophisti-pop"
"293zczrfYafIItmnmM3coR","Chuck Berry","blues rock,classic rock,rock,rock-and-roll,rockabilly,soul"
"6MDME20pz9RveH9rEXvrOM","Clean Bandit","dance pop,edm,pop,pop dance,post-teen pop,tropical house,uk dance,uk funky"
"4gzpq5DPGxSnKTe4SA8HAU","Coldplay","permanent wave,pop"
"0huGjMyP507tBCARyzSkrv","Cordae","dmv rap,hip hop,pop rap,rap,trap,underground hip hop,vapor trap"
"00me4Ke1LsvMxt5kydlMyU","Cosculluela","latin,latin hip hop,perreo,reggaeton,reggaeton flow,trap latino"
"4S9EykWXhStSc15wEx8QFK","Céline Dion","canadian pop,dance pop"
"0QHgL1lAIqAw0HtD7YldmP","DJ Khaled","hip hop,miami hip hop,pop rap,rap,southern hip hop,trap"
"64aJYyrXljOodnUG6jvhRD","DJ Luian","latin,latin hip hop,reggaeton,reggaeton flow,trap latino"
"540vIaP2JwjQb9dm3aArA4","DJ Snake","dance pop,edm,electronic trap,pop,pop dance,pop rap"
"4r63FhuTkUYltbVAg5TQnk","DaBaby","north carolina hip hop,rap"
"4VMYDCV2IEDYJArk749S6m","Daddy Yankee","latin,latin hip hop,reggaeton,trap latino"
"36SRwzRkX5zW3ABjJrevqX","Dadá Boladão","brega funk,funk carioca"
"0KPX4Ucy9dk82uj4GpKesn","Dalex","latin,r&b en espanol,reggaeton,trap latino"
"7z5WFjZAIYejWy0NI5lv4T","Dan + Shay","contemporary country,country,pop"
"5H1nN1SzW0qNeUEZvuXjAj","Danny Ocean","latin,latin pop,pop venezolano,reggaeton,trap latino"
"391oLRVmoTkumiN79HkTWu","Darlene Love","brill building pop"
"77tT1kLj6mCWtFNqiOmP9H","Daryl Hall & John Oates","album rock,classic rock,mellow gold,rock,soft rock,yacht rock"
"1Cs0zKBU1kc0i8ypK3B9ai","David Guetta","big room,dance pop,edm,pop,pop dance"
"6Dd3NScHWwnW6obMFbl1BH","Daya","alt z,dance pop,edm,electropop,indie poptimism,pop,pop dance,post-teen pop,tropical house,uk pop"
"2TWBei99x2tV70bdYbWdAf","Dayvi","circuit,guaracha,perreo"
"3QSQFmccmX81fWCUSPTS7y","Dean Lewis","australian pop,indie cafe pop,pop,pop rock,post-teen pop"
"49e4v89VmlDcFCMyDv9wQ9","Dean Martin","adult standards,easy listening,lounge,vocal jazz"
"6S2OmqARrzebs0tKUEyXyp","Demi Lovato","dance pop,pop,post-teen pop"
"3EOEK57CV77D4ovYVcmiyt","Dennis Lloyd","israeli pop"
"5KNNVgR6LBIABRIomyCwKJ","Dermot Kennedy","folk-pop,irish pop,pop"
"73jBynjsVtofjRpdpRAJGk","Dimitri Vegas & Like Mike","belgian dance,belgian edm,big room,edm,electro house,pop dance,progressive electro house,tropical house"
"5fMUXHkw8R8eOP2RNVYEZX","Diplo","bmore,dance pop,edm,moombahton,ninja,pop,pop dance,tropical house"
"431Pb5EV8KsCBGTw96ZTQ4","Dj Kass","chilean hardcore"
"5cj0lLjcoR7YOSnhnX0Po5","Doja Cat","dance pop,pop"
"6USv9qhCn6zfxlBQIYJ9qs","Dominic Fike","alternative pop rock,pop,pop rap"
"6vPXtLmNd3mW0dd1Rb9eQ9","Don Patricio","trap latino,urbano espanol"
"4Gso3d4CscCijv0lmajZWs","Don Toliver","rap,trap"
"0HU0U9kdXEHZVxUNbuQe8S","Donny Hathaway","chicago soul,classic soul,funk,motown,neo soul,quiet storm,soul"
"3TVXtAsR1Inumwj472S9r4","Drake","canadian hip hop,canadian pop,hip hop,pop rap,rap,toronto rap"
"1iNqsUDUraNWrj00bqssQG","Dreamville","hip hop,rap,underground hip hop"
"6M2wZ9GZgrQXHCFfjv46we","Dua Lipa","dance pop,pop,uk pop"
"1bAftSH8umNcGZ0uyV7LMg","Duki","argentine hip hop,trap argentino,trap latino,trap triste"
"3klZnJvYGIbWritVwQD434","Duncan Laurence","dutch pop"
"3v6Ji4uoWtKRkhuDUaxi9n","Dynoro","edm,electro house,pop dance,tropical house"
"3fZk3Gm5dN5v5yfYMQ04Bx","Dímelo Flow","latin,reggaeton,reggaeton flow,trap latino"
"3cjEqqelV9zb4BYE3qDQ4O","EXO","k-pop,k-pop boy group"
"4QQgXkCYTt3BlENzhyNETg","Earth, Wind & Fire","disco,funk,jazz funk,motown,quiet storm,soul"
"1AwO9pWEBSBoWdEZu28XDC","Eartha Kitt","adult standards,lounge,torch song,vocal jazz"
"6eUKZXaKkcviH0Ku9w2n3V","Ed Sheeran","pop,uk pop"
"39E15l8zeCDYpSZwFNX4G2","Eleni Foureira","eurovision,greek pop,laiko"
"5V0MlUE1Bft0mbLlND7FJz","Ella Fitzgerald","adult standards,jazz blues,swing,vocal jazz"
"7HkdQ0gt53LP4zmHsL0nap","Ella Mai","dance pop,pop,pop r&b,pop rap,post-teen pop,r&b,uk contemporary r&b,urban contemporary"
"0X2BH1fck6amBIoJhDVmmJ","Ellie Goulding","dance pop,edm,electropop,indietronica,metropopolis,pop,post-teen pop,uk pop"
"3PhoLpVuITZKcymswpck5b","Elton John","glam rock,mellow gold,piano rock"
"43ZHCT0cAZBISjO8DG9PnE","Elvis Presley","rock-and-roll,rockabilly"
"7dGJo4pcD2V6oG8kP0tJRR","Eminem","detroit hip hop,hip hop,rap"
"7qG3b048QCHVRO5Pv1T5lw","Enrique Iglesias","dance pop,latin,latin pop,mexican pop,pop"
"5qa31A9HySw3T7MKWI9bGg","FLETCHER","alt z,dance pop,electropop,indie cafe pop,indie poptimism,pop,post-teen pop"
"0WOxhx4hikIsyF3CRPLC8W","Famous Dex","chicago rap,drill,rap,southern hip hop,trap,underground hip hop,vapor trap"
"2JwyRtuXf2l6sTnSnGVIa1","Farid Bang","german hip hop"
"47uyFQHOD02S0lj9ptRpoB","Felipe Araújo","funk carioca,sertanejo,sertanejo pop,sertanejo universitario"
"4A7HeXSd4HtQuf6IR5XZ1b","Fero47","german hip hop"
"2HUwZ0kumzCSlhFcjFZfpp","Flipp Dinero","melodic rap,pop rap,rap,trap,vapor trap"
"1moxjboGR7GNWYIMWsRjgG","Florence + The Machine","baroque pop,pop,uk alternative pop"
"3b8QkneNDz4JHKKKlLgYZg","Florida Georgia Line","contemporary country,country,country pop,country road,modern country rock"
"2h93pZq0e7k5yf4dywlkpM","Frank Ocean","alternative r&b,hip hop,lgbtq+ hip hop,neo soul,pop"
"1Mxqyy3pSjf8kZZL4QVxS0","Frank Sinatra","adult standards,easy listening,lounge"
"6vXTefBL93Dj5IqAWq6OTv","French Montana","gangster rap,hip hop,pop rap,rap,southern hip hop,trap"
"6m1LYS5NQonxjOcQFPQOb5","Frenna","dutch hip hop,dutch pop,dutch rap pop"
"1RyvyyTE3xzB2ZywiAwp0i","Future","atl hip hop,pop rap,rap,southern hip hop,trap"
"02kJSzxNuaWGqwubyUba0Z","G-Eazy","hip hop,indie pop rap,oakland hip hop,pop rap,rap"
"0JOxt5QOwq0czoJxvSc5hS","GASHI","pop rap,trap soul"
"3WQ1s2QFvL6crxBvrVhwzj","Gabriel Diniz","forro,sertanejo pop"
"4sTQVOfp9vEMCemLw50sbu","Galantis","dance pop,edm,electro house,pop,pop dance,tropical house"
"1aQwKFn00nswXRDUDipm0K","Gaullin","edm,lithuanian edm,lithuanian electronic,pop dance"
"4upwdFMlZBmQ68jP9jPzjK","Gemitaiz","italian hip hop"
"5ixB75BQR3ADoWQkcHQJTs","Gene Autry","adult standards,cowboy western,oklahoma country,traditional country,yodeling"
"2ysnwxxNtSgbb9t1m2Ur4j","George Ezra","folk-pop,modern rock,neo-singer-songwriter,pop,pop rock"
"3hteYQFiMFbJY7wS0xDymP","Gesaffelstein","dark clubbing,destroy techno"
"3egWSWp7Y4FyCKIyvXbw7L","Ghali","italian hip hop,italian pop,milan indie,rap tunisien"
"3AA28KZvwAUcZuOKwyblJQ","Gorillaz","alternative hip hop"
"2tcoLkA9Hexz70Kuc1NTUl","Gradur","francoton,french hip hop,pop urbaine,rap francais"
"2ZRQcIgzPCVaT9XKhXZIzh","Gryffin","dance pop,edm,electro house,pop,pop dance,tropical house"
"0BqURncJM5B1BBu7UM51eq","Guaynaa","latin,reggaeton,reggaeton flow,trap latino"
"13y7CgLHjMVRMDqxdx0Xdo","Gucci Mane","atl hip hop,dirty south rap,gangster rap,hip hop,pop rap,rap,southern hip hop,trap"
"2hlmm7s2ICUX0LVIhVFlZQ","Gunna","atl hip hop,hip hop,melodic rap,rap,trap"
"4yiQZ8tQPux8cPriYMWUFP","Gwen Stefani","dance pop,hip pop,pop,pop rock,post-teen pop,urban contemporary"
"3Y7RZ31TRPVadSFVy1o8os","H.E.R.","alternative r&b,dance pop,pop,r&b"
"5p7f24Rk5HkUZsaS3BLG5F","Hailee Steinfeld","dance pop,pop,post-teen pop"
"26VFTg2z8YR0cCuwLzESi2","Halsey","dance pop,electropop,etherpop,indie poptimism,pop,post-teen pop"
"6KImCVD70vtIoJWnq6nGn3","Harry Styles","pop,post-teen pop"
"3p7PcrEHaaKLJnPUGOtRlT","Henrique & Juliano","sertanejo pop,sertanejo universitario"
"2FXC3k01G6Gw61bmprjgqS","Hozier","irish singer-songwriter,modern rock,pop"
"5F1aoppMtU3OMiltO8ymJ2","Hugh Jackman","hollywood,show tunes"
"6extd4B6hl8VTmnlhpl2bY","Huncho Jack","hip hop,melodic rap,pop rap,rap,southern hip hop,trap"
"73Np75Wv2tju61Eo9Zw4IR","Idina Menzel","hollywood,show tunes"
"53XhwfbYqKCa1cC15pYq2q","Imagine Dragons","modern rock,pop,rock"
"6MPCFvOQv5cIGfw3jODMF0","Internet Money","pop rap,rap,trap"
"5iot8OPcosJN9nCl7I5SdK","Irama","italian adult pop,italian pop"
"1vyhD5VmyZ7KMfW5gqLgo5","J Balvin","latin,reggaeton,reggaeton colombiano,trap latino"
"6l3HvQ5sa6mXTsMTB19rO5","J. Cole","conscious hip hop,north carolina hip hop,rap"
"250b0Wlc5Vk0CoUsaCY84M","JENNIE","k-pop"
"66W9LaWS0DPdL7Sz8iYGYe","JP Saxe","alt z,canadian contemporary r&b,indie cafe pop,pop,post-teen pop"
"4IWBUUAFIplrNtaOHcJPRM","James Arthur","pop,post-teen pop,talent show,uk pop"
"53KwLdlmrlCelAZMaLVZqU","James Blake","indie soul,uk alternative pop"
"07YZf4WDAMNwqr4jfgOZ8y","Jason Derulo","dance pop,pop,pop rap,post-teen pop"
"4phGZZrJZRo4ElhRtViYdl","Jason Mraz","acoustic pop,neo mellow,pop,pop rock"
"4Q6nIcaBED8qUel8bBx6Cr","Jax Jones","dance pop,edm,electro house,house,pop,pop dance,pop rap,post-teen pop,tropical house,uk dance"
"28ExwzUQsvgJooOI0X1mr3","Jay Rock","conscious hip hop,gangster rap,hip hop,pop rap,rap,southern hip hop,trap,underground hip hop"
"3gIRvgZssIb9aiirIg0nI3","Jeremy Zucker","electropop,pop,post-teen pop"
"4ScCswdRlyA23odg9thgIO","Jess Glynne","dance pop,pop,pop dance,post-teen pop,tropical house,uk pop"
"1mX1TWKpNxDSAH16LgDfiR","Jesse & Joy","latin,latin arena pop,latin pop,mexican pop,pop"
"0EFisYRi20PTADoJrifHrz","Jhay Cortez","latin,reggaeton,trap latino"
"3ATyg4fGC9F8trfb0GRWmX","Joey Montana","latin,latin hip hop,latin pop,panamanian pop,pop reggaeton,reggaeton,trap latino"
"5y2Xq6xcjJb2jVM54GHK3t","John Legend","neo soul,pop,pop soul,r&b,urban contemporary"
"4x1nvY2FN8jxqAFA0DA02H","John Lennon","album rock,art rock,beatlesque,classic rock,folk rock,mellow gold,rock"
"0hEurMDQu99nJRq8pTxO14","John Mayer","neo mellow,pop,pop rock,singer-songwriter"
"3MZsBdqDrRTJihTHQrO6Dq","Joji","alternative r&b,viral pop"
"1HBjj22wzbscIZ9sEb5dyf","Jonas Blue","dance pop,edm,pop,pop dance,tropical house,uk dance"
"7gOdHgIoIKoe4i9Tta6qdD","Jonas Brothers","boy band,dance pop,pop,pop rock,post-teen pop"
"1CoZyIx7UvdxT5c8UkMzHd","Jorja Smith","pop,r&b,uk contemporary r&b"
"7K78lVZ8XzkjfRSI7570FF","José Feliciano","latin pop,puerto rican pop"
"0rvjqX7ttXeg3mTy8Xscbt","Journey","album rock,classic rock,hard rock,mellow gold,rock,soft rock"
"6C1ohJrd5VydigQtaGy5Wa","Joyner Lucas","boston hip hop,hip hop,pop rap,rap"
"1ackd5XprZEkH3McKbQD51","Juan Magán","dance pop,electro latino,latin,latin pop,reggaeton"
"0hItVPjwJLVZrFqOyIsxPf","Judy Garland","adult standards,hollywood,lounge,torch song,vocal jazz"
"4MCBfE4596Uoi2O4DtmEMz","Juice WRLD","chicago rap,melodic rap"
"4sg4no0TXdsrM1s4SVUwNF","Juju","frauenrap,german hip hop,german pop"
"0ZED1XzwlLHW4ZaG4lOT6m","Julia Michaels","alt z,dance pop,electropop,pop,post-teen pop"
"1uNFoZAHBGtllmzznpCI3s","Justin Bieber","canadian pop,pop,post-teen pop"
"14zUHaJZo1mnYtn6IBRaRP","Justin Quiles","latin,reggaeton,trap latino"
"31TPClRtHm23RisEBtV3X7","Justin Timberlake","dance pop,pop"
"4gOc8TsQed9eqnqJct2c5v","K/DA","k-pop girl group"
"790FomKkXshlbRYZFtlgla","KAROL G","latin,reggaeton,reggaeton colombiano,trap latino"
"5p7mWeX4RlvqBCxylfiXdE","KC Rebell","german drill,german hip hop"
"4m6ubhNsdwF4psNf3R8kwR","KHEA","argentine hip hop,trap argentino,trap latino,trap triste"
"2hPgGN4uhvXAxiXQBIXOmE","KIDS SEE GHOSTS","hip hop,rap,underground hip hop"
"1nzgtKYFckznkcVMR3Gg4z","KSI","uk hip hop"
"4qBgvVog0wzW75IQ48mU7v","KYLE","pop,pop rap,rap"
"5sRQkVexJlax2iISuqL8cV","Kalazh44","german drill,german hip hop,german underground rap"
"5K4W6rqBFWDnAN6FQUkS6x","Kanye West","chicago rap,rap"
"6jJ0s89eD6GaHleKKya26X","Katy Perry","dance pop,pop,post-teen pop"
"7HV2RI2qNug4EcQqLbCAKS","Keala Settle","broadway,hollywood,show tunes"
"0cGUm45nv7Z6M6qdXYQGTX","Kehlani","dance pop,pop,pop rap,post-teen pop,r&b"
"3BmGtnKgCSGYIUhmivXKWX","Kelly Clarkson","dance pop,neo mellow,pop,pop rock,post-teen pop,talent show"
"2YZyLoL8N0Wb9xBt1NhZWg","Kendrick Lamar","conscious hip hop,hip hop,rap,west coast rap"
"1RBzGO6Nm3uyhUSxP7EDWO","Kevin Roldan","latin,latin hip hop,reggaeton,reggaeton colombiano,reggaeton flow,trap latino"
"6LuN9FCkKOj5PcnpouEgny","Khalid","pop"
"4qIVPF0s71ZYW3qzhu5GkF","Kina","sad rap"
"6beUvFUlKliUYJdLOXNj9C","King Princess","alt z,dance pop,electropop,indie pop,indie poptimism,nyc pop,pop,post-teen pop"
"5tHiL8SKSaZGMBUPIiSmX4","KitschKrieg","german hip hop,german pop,hamburg hip hop"
"46SHBwWsqBkxI7EeeBEQG7","Kodak Black","florida rap,hip hop,melodic rap,miami hip hop,rap,southern hip hop,trap"
"4lDiJcOJ2GLCK6p9q5BgfK","Kontra K","christlicher rap,german hip hop"
"4LcUpNlXFEleaLlelmkv2R","Kris Kross Amsterdam","dutch house,dutch pop"
"23fqKkggKUBHNkbKtXEls4","Kygo","edm,pop,pop dance,tropical house"
"4RVnAU35WRWra6OZ3CbbMA","Kylie Minogue","australian dance,australian pop,dance pop,electropop,eurodance,europop,new wave pop,pop"
"49tQo2QULno7gxHutgccqF","LANY","la pop,pop,post-teen pop"
"2feDdbD5araYcm6JhFHHw7","Labrinth","indie poptimism,pop"
"1HY2Jd0NmPuamShAr6KMms","Lady Gaga","dance pop,pop,post-teen pop"
"00FQb4jTyendYWaN8pK0wa","Lana Del Rey","art pop,pop"
"5JZ7CnR6gTvEMKX4g70Amv","Lauv","dance pop,electropop,pop,post-teen pop"
"6i3DxIlAqnDkwELLw4aVrx","Lele Pons","latin pop,viral pop"
"5lKZWd6HiSCLfnDGrq9RAm","Leona Lewis","british soul,dance pop,europop,pop,post-teen pop,talent show"
"6BeO1KuAWBqFriL1mLHtNc","Leslie Grace","bachata,latin"
"4GNC7GD6oZMSxPGyXy4MNB","Lewis Capaldi","pop,uk pop"
"5pUo3fmmHT8bhCyHE52hA6","Liam Payne","dance pop,pop,post-teen pop"
"5f7VJjfbwm532GiveGC0ZK","Lil Baby","atl hip hop,atl trap,rap,trap"
"1tqhsYv8yBBdwANFNzHtcr","Lil Dicky","comedy rap,pop rap,rap"
"5zctI4wO9XSKS8XwcnqEHk","Lil Mosey","melodic rap,rap,rap conscient,trap,vapor trap"
"7jVv8c5Fj3E9VhNjxT4snq","Lil Nas X","lgbtq+ hip hop,pop rap"
"2kCcBybjl3SAtIcwdWpUe3","Lil Peep","emo rap,lgbtq+ hip hop"
"3wyVrVrFCkukjdVIdirGVY","Lil Pump","emo rap,miami hip hop,rap,trap"
"7d3WFRME3vBY2cgoP38RDo","Lil Skies","melodic rap,pop rap,rap,trap"
"4Ga1P7PMIsmqEZqhYZQgDo","Lil Tecca","melodic rap,rap,trap"
"6jGMq4yGs7aQzuGsMgVgZR","Lil Tjay","brooklyn drill,melodic rap,nyc rap"
"4O15NlyKLIASxsJ0PrXPfz","Lil Uzi Vert","melodic rap,philly rap,rap,trap"
"55Aa2cqylxrFIXC767Z865","Lil Wayne","hip hop,new orleans rap,pop rap,rap,trap"
"3EXdLajEO02ziZ90P90bSW","Lil Xan","emo rap,underground hip hop"
"6icQOAFXDZKsumw3YXyusw","Lil Yachty","atl hip hop,hip hop,melodic rap,rap,trap,underground hip hop"
"3e7awlrlDSwF3iM0WBjGMp","Little Mix","dance pop,girl group,pop,post-teen pop,talent show,uk pop"
"56oDRnqbIiwx4mymNEv7dS","Lizzo","dance pop,escape room,minnesota hip hop,pop,pop rap,post-teen pop,trap queen"
"4xRYI6VqpkE3UwrDrAZL8L","Logic","conscious hip hop,dmv rap,hip hop,pop rap,rap"
"6ltzsmQQbmdoHHbLZ4ZN25","Lord Huron","indie folk,indie pop,stomp and holler"
"2Im8m4STDBosjfmb5hmP80","Loredana","frauenrap,german hip hop,kosovan pop,romanian pop"
"0LyOADBjj28cbvJWTXUEGA","Loren Allred","deep talent show,hollywood,movie tunes"
"6t1gpxYbY8OlLA7D2RiikQ","Loud Luxury","dance pop,edm,electro house,pop,pop dance,pop edm,tropical house"
"7wg1qvie3KqDNQbAkTdbX0","Louis The Child","edm,electropop,indie poptimism,pop,tropical house"
"57WHJIHrjOE3iAxpihhMnp","Louis Tomlinson","pop,post-teen pop"
"3yiEJ9SByXZMXTwaKdVFN4","Luche","italian hip hop,rap napoletano"
"4V8Sr092TqfHkfAA5fXXqG","Luis Fonsi","latin,latin pop,puerto rican pop"
"25u4wHJWxCA9vO0CzxAbK7","Lukas Graham","danish pop,pop,scandipop"
"47MpMsUfWtgyIIBEFOr4FE","Lunay","latin,latin pop,reggaeton,reggaeton flow,trap latino"
"7Do8se3ZoaVqUt3woqqSrD","MACHETE","italian hip hop,trap italiana"
"1bqxdqvUtPWZri43cKHac8","MAX","dance pop,electropop,pop,pop rap,post-teen pop,viral pop"
"2W6kbe0nm96COrHzNmfLLd","MC Fioti","funk carioca,funk paulista"
"2UMj7NCbuqy1yUZmiSYGjJ","MC Kevin o Chris","funk 150 bpm,funk carioca"
"0lHB0Qc4pmD5RkTLlHeESo","MC L da Vinte","funk bh,funk carioca,funk ostentacao"
"6tdM5Njlln7nWkonCppW0u","MC Loma e As Gêmeas Lacração","brega funk,funk carioca"
"3a5ydeAaojKa3CHWe5PVWK","MC MM","funk carioca,funk consciente,funk ostentacao,funk paulista"
"0xRXCcSX89eobfrshSVdyu","MEDUZA","dance pop,edm,pop dance,pop house,tropical house"
"1MIVXf74SZHmTIp4V4paH4","Mabel","dance pop,edm,pop,pop dance,post-teen pop,tropical house,uk pop"
"4LLpKhyESsyAXpc4laK94U","Mac Miller","hip hop,pittsburgh rap,rap"
"6TIYQ3jFPwQSRmorSezPxX","Machine Gun Kelly","ohio hip hop,pop rap"
"3JhNCzhSMTxs9WLGJJxWOY","Macklemore","pop rap,seattle hip hop"
"2kRfqPViCqYdSGhYSM9R0Q","Madison Beer","alt z,dance pop,electropop,pop,post-teen pop"
"0uGk2czvcpWQA383Im6ajf","Maggie Lindemann","alt z,pop,post-teen pop,social media pop"
"06nvjg4wBANK6DCHjqtPNd","Mahmood","italian pop"
"738wLrAtLtCtFOLvQBXOXp","Major Lazer","dance pop,edm,electro house,moombahton,pop,pop dance,pop rap"
"1r4hJ1h58CWwUQe3MxPuau","Maluma","latin,reggaeton,reggaeton colombiano"
"2T1aUibqR2QC2sINIDQOAK","Mambo Kingz","reggaeton flow"
"0tmwSHipWxN12fsoLcFU3B","Manuel Turizo","colombian pop,latin,reggaeton,reggaeton colombiano,trap latino"
"4wLXwxDeWQ8mtUIRPxGiD6","Marc Anthony","latin,latin pop,modern salsa,salsa,tropical"
"6WY7D3jk8zTrHtmkqqo5GI","Maren Morris","contemporary country,country,pop,texas country"
"4iHNK0tOyZPYnBU7nGAgpQ","Mariah Carey","dance pop,pop,r&b,urban contemporary"
"3hv9jJF3adDNsBSIQDqcjp","Mark Ronson","dance pop,pop"
"04gDigrS5kc9YWfZHwBETP","Maroon 5","pop,pop rock"
"5AZuEF0feCXMkUCwQiQlW7","Marracash","italian hip hop,italian pop,italian underground hip hop,rap napoletano"
"64KEffDW9EtZ1y2vBYgq8T","Marshmello","brostep,edm,pop,pop dance,progressive electro house"
"60d24wfXkVzDSfLS6hyCjZ","Martin Garrix","dance pop,dutch edm,edm,pop,pop dance,progressive house,tropical house"
"1yR65psqiazQpeM79CcGh8","Marília Mendonça","sertanejo,sertanejo pop"
"6xvpfMjWTougrRRtK7iikz","Mason Ramsey","contemporary country,country"
"2Z0lRIqr997lIUiPtrpKCr","Matheus & Kauan","pop nacional,sertanejo pop,sertanejo universitario"
"2JLqTvFXmC87BksiCsBezV","Matt Terry","talent show"
"2wkoKEfS6dXwThbyTnZWFU","Mau y Ricky","latin,latin pop,pop venezolano,reggaeton,trap latino"
"20sxb77xiYeusSH8cVdatc","Meek Mill","hip hop,philly rap,pop rap,rap,southern hip hop,trap"
"181bsRPaVXVlUKXrxwZfHK","Megan Thee Stallion","houston rap,pop,pop rap,trap queen"
"6JL8zeS1NmiOftqZTRgdTz","Meghan Trainor","dance pop,hip pop,pop,post-teen pop"
"0iEtIxbK0KxaSlF7G42ZOp","Metro Boomin","hip hop,pop rap,rap,southern hip hop,trap"
"1GxkXlMwML1oSg5eLPiAz3","Michael Bublé","adult standards,canadian pop,jazz pop,lounge"
"3fMbdgg4jU18AjLCKBhRSm","Michael Jackson","pop,r&b,soul"
"6oMuImdp5ZcFhWP0ESe6mG","Migos","atl hip hop,pop rap,rap,trap"
"360IAlyVv4PCEVjgyMZrxK","Miguel","dance pop,pop,r&b,urban contemporary"
"5YGY8feqx7naU7z4HrwZM6","Miley Cyrus","dance pop,pop,post-teen pop"
"4AA474G2hRfrHyGrfyDseO","Mozzy","cali rap,sacramento hip hop,trap"
"3gd8FJtBJtkRxdfbTu19U2","Mumford & Sons","modern folk rock,modern rock,stomp and holler,uk americana"
"0YinUQ50QDB7ZxSCLyQ40k","Mustard","cali rap,hip hop,pop rap,rap,southern hip hop,trap"
"7iK8PXO48WeuP03g8YR51W","Myke Towers","trap latino"
"6lBN3Tzt61u8i9AJoAhKzF","Mykola Dmytrovych Leontovych","post-romantic era,ukrainian classical"
"3OxZ4asD88P1lJJmLcXz4K","Márcia Fellipe","forro,sertanejo pop"
"5wPoxI5si3eJsYYwyXV4Wi","N.E.R.D","hip hop,virginia hip hop"
"7rkW85dBwwrJtlHRDkJDAC","NAV","canadian hip hop,canadian trap,hip hop,melodic rap,pop rap,rap,toronto rap,trap"
"6fOMl44jA4Sp5b9PpYCkzz","NF","hip hop,pop rap,rap"
"0ErzCpIMyLcjPiwT4elrtZ","NLE Choppa","memphis hip hop"
"5jAMCwdNHWr7JThxtMuEyy","NOTD","dance pop,edm,electro house,electropop,pop,pop dance,pop edm,post-teen pop,tropical house"
"2ayNSoKPCRAfjp6hQ76hRu","Nacho","dominican pop,latin,latin pop,pop reggaeton,pop venezolano,reggaeton,trap latino"
"2Zi3RrdQqk63Xj0914STkS","Naomi Scott","vapor pop"
"20qISvAhX20dpIbOOzGK3q","Nas","conscious hip hop,east coast hip hop,gangster rap,hardcore hip hop,hip hop,queens hip hop,rap"
"7v4imS0moSyGdXyLgVTIV7","Nat King Cole","adult standards,lounge,soul,vocal jazz"
"1GDbiv3spRmZ1XdM1jQbT7","Natti Natasha","latin,latin pop,rap latina,reggaeton,trap latino"
"4LXBc13z5EWsc5N32bLxfH","Nekfeu","french hip hop,pop urbaine,rap conscient"
"4Z4afeDmHFxPmJorIwupbZ","Netta","eurovision,israeli pop"
"1Hsdzj7Dlq2I7tHP7501T4","Niall Horan","dance pop,pop,post-teen pop"
"4Rxn7Im3LGfyRkY2FlHhWi","Nick Jonas","dance pop,pop,post-teen pop,viral pop"
"0hCNtLu0JehylgoiP8L4Gh","Nicki Minaj","dance pop,hip pop,pop,pop rap,post-teen pop,queens hip hop"
"1SupJlEpv7RS2tPNRaHViT","Nicky Jam","latin,latin hip hop,reggaeton,trap latino"
"3ZuBEj9ppJe8GSdKaMTfMN","Nimo","german hip hop,swedish hip hop"
"6Te49r3A6f5BiIgBRxH7FH","Ninho","french hip hop,pop urbaine"
"5hdhHgpxyniooUiQVaPxQ0","Nio Garcia","latin,reggaeton,trap latino"
"0EeQBlQJFiAfJeVN2vT9s0","Nipsey Hussle","conscious hip hop,gangster rap,hip hop,pop rap,rap,southern hip hop,trap"
"55fhWPvDiMpLnE4ZzNXZyW","Noah Cyrus","alt z,dance pop,pop,post-teen pop"
"3RtNN1VnooWEn3KQk03DUL","Noriel","latin,latin hip hop,reggaeton,reggaeton flow,trap latino"
"3S6gaE89XewFAvZqsMuJDJ","Norm Ender","turkish hip hop,turkish trap,turkish trap pop"
"2cWZOOzeOm4WmBJRnD5R7I","Normani","dance pop,pop,post-teen pop,r&b"
"2DaxqgrOhkeH0fpeiQq2f4","Oasis","beatlesque,britpop,madchester,permanent wave,rock"
"4DdkRBBYG6Yk9Ka8tdJ9BW","Offset","atl hip hop,hip hop,pop rap,rap,southern hip hop,trap"
"3lY9Fxceu60W1rbon7PkuF","Omar Montes","flamenco urbano,urbano espanol"
"5Pwc4xIPtQLFEnJriah9YJ","OneRepublic","dance pop,piano rock,pop,pop rock"
"1i8SpTcr7yvPOmcqrbnVXY","Ozuna","latin,puerto rican pop,reggaeton,trap latino"
"1KCSPY1glIKqW2TotWuXOR","P!nk","dance pop,pop,post-teen pop"
"2HPaUgqeutzr3jx5a9WyDV","PARTYNEXTDOOR","pop,pop rap,r&b,rap,toronto rap,trap,urban contemporary"
"3NH8t45zOTqzlZgBvZRjvB","PNL","french hip hop,pop urbaine"
"7rOlQwf8OuFLFQp4aydjBt","Paloma Mami","latin pop,reggaeton chileno,trap chileno,trap latino"
"20JZFwl6HVl6yg8a4H3ZqK","Panic! At The Disco","baroque pop,emo,modern rock"
"0gadJ2b9A4SKsB1RFkBb66","Passenger","folk-pop,neo mellow,pop"
"4STHEaNw4mPZ2tzheohgXB","Paul McCartney","album rock,art rock,beatlesque,classic rock,mellow gold,rock,soft rock"
"3vQ0GE3mI0dAaxIMYe5g7z","Paulo Londra","argentine hip hop,trap argentino,trap latino"
"4QVBYiagIaa6ZGSPMbybpy","Pedro Capó","latin,latin pop,puerto rican pop"
"26AHtbjWKiwYzsoGoUZq53","Pentatonix","a cappella"
"5v8jlSmAQfrkTjAlpUfWtu","Perry Como","adult standards,brill building pop,easy listening,lounge,vocal jazz"
"4K9aclpXgCPNFGEqRlFPal","Peter Manos","indie cafe pop"
"2RdwBSPQiwcmiDo9kixcl8","Pharrell Williams","pop rap"
"4bw2Am3p9ji3mYsXNXtQcd","Piso 21","colombian pop,latin,latin pop,reggaeton,reggaeton colombiano,trap latino"
"699OTQXzgjhIYAHMy9RyPD","Playboi Carti","atl hip hop,plugg,rap,trap"
"6AgTAQt8XS6jRWi4sX7w49","Polo G","chicago rap"
"3JXpwnHbLvXxY99EuXqFPX","Poo Bear","pop r&b"
"4kI8Ie27vjvonwaB2ePh8T","Portugal. The Man","indie rock,modern alternative rock,modern rock,rock"
"246dkjvS1zLTtiykXe5h60","Post Malone","dfw rap,melodic rap,rap"
"3MHaV05u0io8fQbZ2XPtlC","Prince Royce","bachata,latin,latin hip hop,latin pop"
"0ONHkAv9pCAFxb0zJwDNTy","Pusha T","alternative hip hop,gangster rap,hip hop,pop rap,rap,southern hip hop,trap,underground hip hop,virginia hip hop"
"6i392l38cR3uBPF0DbNs7S","Quality Control","hip hop,melodic rap,pop rap,rap,southern hip hop,trap"
"0VRj0yCOv2FXJNP47XQnx5","Quavo","atl hip hop,hip hop,melodic rap,pop rap,rap,southern hip hop,trap"
"1dfeR4HaWDbWqFHLkxsg1d","Queen","classic rock,glam rock,rock"
"6cEuCEZu7PAE9ZSzLLc2oQ","R3HAB","dance pop,dutch house,edm,electro house,pop,pop dance,progressive electro house,slap house,tropical house"
"0Dvx6p8JDyzeOPGmaCIH1L","RAF Camora","german hip hop"
"7ltDVBr6mKbRvohxheJ9h1","ROSALÍA","r&b en espanol"
"7iZtZyCzp3LItcw1wtPI3D","Rae Sremmurd","hip hop,melodic rap,mississippi hip hop,pop rap,rap,southern hip hop,trap"
"6wWVKhxIU2cEi0K81v7HvP","Rammstein","alternative metal,german metal,industrial,industrial metal,industrial rock,neue deutsche harte,nu metal"
"6ywXRaHY7m2DJ0dd7CsLAB","Ramz","afroswing,london rap,uk hip hop"
"1mcTU81TzQhprhouKaTkpq","Rauw Alejandro","puerto rican pop,trap latino"
"0NyzfcGDZZ6GM25EBG9BYK","Ray Parker Jr.","disco,funk,post-disco,quiet storm"
"1z4g3DjTBBZKhvAroFlhOM","Red Velvet","k-pop,k-pop girl group"
"4ofCBoyEiGSePFAG500xev","Regard","dance pop,edm,pop dance,pop edm,slap house,tropical house"
"0vR2qb8m9WHeZ5ByCbimq2","Reik","latin,latin arena pop,latin pop,mexican pop"
"5GcWBUX00IPuWVGMIRK1sS","Residente","venezuelan hip hop"
"1Fg19vpUJpAAPFjnKaVYVW","Reynmen","turkish hip hop,turkish trap pop"
"2kqUKsTuEj1lPbm6BSn1AU","Rich Music LTD","latin,reggaeton,trap latino"
"1pPmIToKXyGdsCF6LmqLmI","Rich The Kid","atl hip hop,hip hop,melodic rap,plugg,pop rap,rap,southern hip hop,trap"
"1sBkRIssrMs1AbVkOJbc7a","Rick Ross","dirty south rap,gangster rap,hip hop,pop rap,rap,southern hip hop,trap"
"5CCwRZC6euC8Odo6y9X8jr","Rita Ora","australian pop,dance pop,edm,electropop,pop,pop rap,post-teen pop,tropical house,uk pop"
"7i9j813KFoSBMldGqlh2Z1","Riton","dance pop,house,pop dance,tropical house,uk dance"
"3t5xRXzsuZmMDkQzgOX35S","Robin Schulz","dance pop,deep euro house,deep house,edm,german dance,pop,pop dance,tropical house"
"757aE44tKEUQEqRuT6GnEB","Roddy Ricch","melodic rap,rap,trap"
"5lwmRuXgjX8xIwlnauTZIP","Romeo Santos","bachata,latin"
"4WN5naL3ofxrVBgFpguzKo","Rudimental","dance pop,edm,house,pop,pop dance,tropical house,uk dance,uk funky"
"1z7b1Pr1rSlvWRzsW3HOrS","Russ","hawaiian hip hop,pop rap,rap"
"1fctva4kpRbg2k3v7kwRuS","Rvssian","latin,latin hip hop,reggaeton,reggaeton flow,trap latino"
"0H39MdGGX6dbnnQPt6NQkZ","SAINt JHN","melodic rap,pop rap,rap,slap house"
"3KwmxIhSe9UTSEF37kwngR","SHAED","electropop,pop"
"0JBdTCGs111JKKYfLqOEBa","SHIRIN DAVID","frauenrap,german hip hop,german pop"
"2TImI3DW7o5MdRXJs4D37h","SOB X RBE","cali rap,trap,vapor trap"
"7tYKF4w9nC0nq9CsPZTHyP","SZA","pop,pop rap,r&b"
"74KM79TiuVKeVCqs8QtB0B","Sabrina Carpenter","alt z,dance pop,electropop,pop,post-teen pop,viral pop"
"3hBQ4zniNdQf1cqqo6hzuW","Salmo","italian hip hop,italian underground hip hop,rap sardegna"
"20gsENnposVs2I4rQ5kvrf","Sam Feldt","dance pop,edm,electro house,pop,pop dance,pop edm,tropical house"
"2wY79sveU1sp5g7SokKOiI","Sam Smith","dance pop,pop,post-teen pop,uk pop"
"6h1s4i4XKIYv4ErDelLDN0","Samra","german hip hop"
"6cK3NBO6uP7hh0oyuVELFl","Saweetie","cali rap,dance pop,pop,pop rap,trap queen"
"5IcR3N7QB1j6KBL8eImZ8m","ScHoolboy Q","gangster rap,hip hop,pop rap,rap,southern hip hop,trap,underground hip hop"
"3Isy6kedDrgPYoTS1dazA9","Sean Paul","dance pop,dancehall,pop rap"
"07YUOmWljBTXwIseAUd9TW","Sebastian Yatra","colombian pop,latin,reggaeton,reggaeton colombiano"
"77ziqFxp5gaInVrF2lj4ht","Sech","latin,panamanian pop,reggaeton,trap latino"
"5iNrZmtVMtYev5M9yoWpEq","Seeb","dance pop,edm,electro house,norwegian pop,pop,pop dance,pop edm,swedish pop,tropical house"
"0C8ZW7ezQVs4URX5aX7Kqx","Selena Gomez","dance pop,pop,post-teen pop"
"23TFHmajVfBtlRx5MXqgoz","Sfera Ebbasta","italian hip hop,italian pop,trap italiana"
"0wi4yTYlGtEnbGo4ltZTib","Shakin' Stevens","classic uk pop,new wave pop,rock-and-roll,rockabilly"
"0EmeFodog0BfCgMzAIvKQp","Shakira","colombian pop,dance pop,latin,latin pop,pop"
"7n2wHs1TKAczGzO7Dd2rGr","Shawn Mendes","canadian pop,dance pop,pop,post-teen pop,viral pop"
"2RDOrhPqAM4jzTRCEb19qX","Sheck Wes","rap,trap,underground hip hop,vapor trap"
"5j21TGkrNEAJe3gG9VlS34","Shindy","german hip hop"
"5WUlDfRSoLAfcVSX1WnrxN","Sia","australian dance,australian pop,pop"
"4Yttlv9ndGjCDCVLqM7ACq","Sido","german hip hop"
"1IueXOQyABrMOprrzwQJWN","Sigala","dance pop,edm,pop,pop dance,tropical house"
"2X97ZAqRKRMYFIDqtvGgGc","Silk City","dance pop,edm,house,pop dance,tropical house"
"2rhFzFmezpnW82MNqEKVry","Ski Mask The Slump God","miami hip hop,underground hip hop"
"05fG473iIaoy82BF1aGhL8","Slipknot","alternative metal,double drumming,nu metal,rap metal"
"21dooacK2WGBB5amYvKyfM","Smokepurpp","dark trap,melodic rap,meme rap,miami hip hop,rap,southern hip hop,trap,underground hip hop,vapor trap"
"5UjifI1TYefXWn9GdqDOHl","Social House","pop rap"
"0haZhu4fFKt0Ag94kZDiz2","Sofia Reyes","dance pop,latin,latin pop,mexican pop,pop"
"2auiVi8sUZo17dLy1HwrTU","Solange","afrofuturism,alternative r&b,dance pop,escape room,hip pop,indie soul,neo soul,pop,r&b,urban contemporary"
"27hSR8e34ZM5vj5fUFixyb","Stan Kenton","big band,swing"
"77AiFEVeAVj2ORpC85QVJs","Steve Aoki","dance pop,edm,electro house,pop,pop dance,tropical house"
"7guDJrEfX3qb6FEbdPA5qi","Stevie Wonder","funk,indie r&b,motown,quiet storm,soul"
"2SrSdSvpminqmStGELCSNd","Stormzy","grime,uk hip hop"
"3drqpTL4sQOckmAfF9i1wg","Summer Cem","german hip hop"
"57LYzLEk2LcFghVwuWbcuS","Summer Walker","pop,r&b"
"5BHFSMEjfLVx1JwRWjAOsE","SuperM","k-pop"
"1zNqQNIdeOUZHb8zbZRFMX","Swae Lee","melodic rap,trap"
"7vXDAI8JwjW531ouMGbfcp","TINI","latin pop,pop argentino"
"0ghlgldX5Dd6720Q3qFyQB","TOMORROW X TOGETHER","k-pop,k-pop boy group"
"0PFtn5NtBbbUNbU9EAmIWF","TOTO","album rock,classic rock,mellow gold,rock,soft rock,yacht rock"
"7n2Ycct7Beij7Dj7meI4X0","TWICE","k-pop,k-pop girl group"
"0GM7qgcRCORpGnfcN2tCiB","Tainy","latin,latin hip hop,latin pop,pop reggaeton,reggaeton,reggaeton flow,trap latino"
"3EW0kQ1skZiK1NHg3Spt9J","Takeoff","atl hip hop,rap,southern hip hop,trap"
"5INjqkS1o8h1imAzPqGZBb","Tame Impala","australian psych,neo-psychedelic"
"06HL4z0CvFAxyc27GXpf02","Taylor Swift","pop,post-teen pop"
"6AUl0ykLLpvTktob97x9hO","Tee Grizzley","detroit hip hop,detroit trap,hip hop,rap,southern hip hop,trap"
"23wEWD21D4TPYiJugoXmYb","Thalia","dance pop,latin,latin pop,mexican pop"
"3mIj9lX2MWuHmhNCA7LSCW","The 1975","modern alternative rock,modern rock,pop,rock"
"3oDbviiivRWhXwIE8hxkVV","The Beach Boys","baroque pop,brill building pop,classic rock,folk rock,psychedelic rock,rock,sunshine pop"
"4fpTMHe34LC5t3h5ztK8qu","The Carters","dance pop,pop,pop rap,r&b,urban contemporary"
"69GGBxA162lTqCwzJG5jLp","The Chainsmokers","dance pop,edm,electropop,pop,pop dance,tropical house"
"7t0rwkOPGlDPEhaOcVtOt9","The Cranberries","irish rock,pop rock"
"3pVfscwg2QxhdHtk966inb","The Cratez",""
"2iE18Oxc8YSumAU232n4rW","The Jackson 5","motown,soul"
"0C0XlULifJtAgn6ZNCW2eu","The Killers","dance rock,modern rock,permanent wave,rock"
"2wzMOQwNT6ZvVB4amvhFAH","The Pogues","celtic,celtic punk,celtic rock,folk punk,irish folk,punk"
"5NGO30tJxFlKixkPSgXcFE","The Police","album rock,art rock,classic rock,mellow gold,new wave,permanent wave,rock,soft rock"
"7CyeXFnOrfC1N6z4naIpgo","The Ronettes","brill building pop,classic girl group,motown,soul"
"7ciBW1p3KBsYIkFk4UmwS8","The Rudeboyz","reggaeton flow,trap brasileiro"
"1Xyo4u8uXC1ZmMpatF05PJ","The Weeknd","canadian contemporary r&b,canadian pop,pop"
"6x2LnllRG5uGarZMsD4iO8","Thomas Rhett","contemporary country,country,country road"
"2o5jDhtHVPhrJdv3cEQ99Z","Tiësto","big room,brostep,dance pop,dutch edm,edm,house,pop dance,slap house,trance,tropical house"
"7z2avKuuiMAT4XZJFv8Rvh","Tom Walker","indie anthem-folk,indie cafe pop,modern rock,pop,uk pop"
"2NjfBq1NflQcKSeiDooVjY","Tones And I","australian pop,pop"
"2lolQgalUvZDfp5vvVtTYV","Tony Bennett","adult standards,easy listening,lounge,vocal jazz"
"2jku7tDXc6XoB6MO2hFuqg","Tory Lanez","canadian hip hop,canadian trap,melodic rap,pop rap,r&b,rap,toronto rap,trap"
"3FUY2gzHeIiaesXtOAdB7A","Train","dance pop,neo mellow,pop,pop rock"
"0Y5tJX1MQlPlqiwlOH1tJY","Travis Scott","rap,slap house"
"7uaIm6Pw7xplS8Dy06V6pT","Trevor Daniel","alternative r&b,melodic rap,pop rap"
"6Xgp2XMz1fhVYe7i6yNAax","Trippie Redd","melodic rap,rap,trap"
"5bzWtCkjIAMgN93gLt56SO","Tropkillaz","afrofuturismo brasileiro,bass trap,electronic trap,funk carioca,pop nacional"
"3WGpXCj9YhhfX11TToZcXP","Troye Sivan","australian pop,dance pop,electropop,pop,post-teen pop,viral pop"
"3YQKmKGau1PzlVlkL1iodx","Twenty One Pilots","modern rock,rock"
"7xX15v6ahAkcT14kHfB9wB","True Damage","k-rap"
"7c0XG5cIJTrrAgEC3ULPiq","Ty Dolla $ign","hip hop,pop,pop rap,r&b,southern hip hop,trap,trap soul"
"5LHRHt1k9lMyONurDHEdrp","Tyga","dance pop,hip hop,pop rap,rap,southern hip hop,trap"
"4V8LLVI7PbaPR0K2TGSxFF","Tyler, The Creator","hip hop,rap"
"5pVRwX5ZQR7hfJ18w8ZYkl","Ufo361","german cloud rap,german hip hop"
"3hN3iJMbbBmqBSAMx5veDa","Ultimo","italian adult pop,italian pop"
"4VuARVJiWGsH2msKTdsKdQ","Veysel","albanian hip hop,german drill,german hip hop"
"68kEuyFKyqrdQQLLsmiatm","Vince Staples","conscious hip hop,escape room,hip hop,rap,underground hip hop"
"5YCc6xS5Gpj3EkaYGdjyNK","WOS","argentine indie,trap argentino"
"5lpH0xAS4fVfLkACg9DAuM","Wham!","disco,europop,new romantic,new wave,new wave pop,soft rock,synthpop"
"2jnIB6XdLvnJUeNTy5A0J2","Why Don't We","boy band,dance pop,pop,post-teen pop,teen pop"
"3E6xrwgnVfYCrCs0ePERDz","Wisin","latin,latin hip hop,reggaeton,trap latino"
"1wZtkThiXbVNtj6hee6dz9","Wisin & Yandel","electro latino,latin,latin hip hop,reggaeton,trap latino"
"137W8MRPWKqSmrBGDBFSop","Wiz Khalifa","hip hop,pittsburgh rap,pop rap,rap,southern hip hop,trap"
"2OnKRchqP7tT0FzTvWIFI7","Wolfine","colombian pop,latin,reggaeton,trap latino"
"15UsOTVnJzReFVN1VCnxy4","XXXTENTACION","emo rap,miami hip hop"
"6USMTwO0MNDnKte5a5h0xx","Y2K","pop rap"
"3gGUMEwIX6XodWsYEvKSal","YBN Nahmir","alabama rap,rap,trap,vapor trap,viral rap"
"0A0FS04o6zMoto8OKPsDwY","YG","cali rap,gangster rap,hip hop,pop rap,rap,southern hip hop,trap"
"1cNDP5yjU5vjeR8qMf4grg","YNW Melly","melodic rap,trap"
"6Ad91Jof8Niiw0lGLLi3NW","YUNGBLUD","british indie rock,modern rock,pop,rock"
"0eHQ9o50hj6ZDNBt6Ys1sD","Yandel","latin,latin hip hop,reggaeton,reggaeton flow,trap latino"
"5vBSrE1xujD2FXYRarbAXc","Years & Years","dance pop,electropop,gauze pop,pop,post-teen pop,tropical house"
"50co4Is1HCEo8bhOyUWKpn","Young Thug","atl hip hop,atl trap,gangster rap,hip hop,melodic rap,pop rap,rap,trap"
"7wlFDEWiM5OoIAt8RSli8b","YoungBoy Never Broke Again","baton rouge rap,trap"
"5ZsFI1h6hIdQRw2ti0hz81","ZAYN","dance pop,pop,post-teen pop,uk pop"
"6U1dBXJhC8gXFjamvFTmHg","Zac Efron","dance pop,hollywood,pop,post-teen pop,show tunes"
"3qBKjEOanahMxlRojwCzhI","Zacari","gqom"
"1Xylc3o4UrD53lo9CvFvVg","Zara Larsson","dance pop,edm,electropop,pop,pop dance,post-teen pop,scandipop,swedish electropop,swedish pop,tropical house"
"2qxJFvFYMEDqd7ui6kSAcq","Zedd","complextro,dance pop,edm,electro house,electropop,german techno,pop,pop dance,post-teen pop,tropical house"
"21451j1KhjAiaYKflxBjr1","Zion & Lennox","latin,latin hip hop,reggaeton,reggaeton flow,trap latino"
"487N2T9nIPEHrlTZLL3SQs","Zé Neto & Cristiano","sertanejo,sertanejo pop,sertanejo universitario"
"5CiGnKThu5ctn9pBxv7DGa","benny blanco","electropop,pop,pop rap"
"2cFrymmkijnjDg9SS92EPM","blackbear","electropop,pop,pop rap"
"19i93sA0D7yS9dYoVNBqAA","tha Supreme","italian hip hop,italian pop,trap italiana"
"0b1sIQumIAsNbqAoIClSpy","j-hope","k-pop,k-rap"
