artist_id,artist_name,selected_genre
6Ff53KvcvAj5U7Z1vojB5o,*NSYNC,boy band
17lzZA2AlOHwCwFALHttmp,2 Chainz,hip hop
1URnnhqYAYcrqrcwql10ft,21 Savage,hip hop
6fWVd57NKTalqvmjRd2t8Z,24kGoldn,rap
5Rl15oVamLq7FbSb0NNBNy,5 Seconds of Summer,pop
4IVAbR2w4JJNJDDRFP3E83,6LACK,rap
7gZfnEnfiaHzxARJ2LeXrf,6ix9ine,rap
31W5EY0aAly4Qieq6OFu6I,A Boogie Wit da Hoodie,rap
5dHt1vcEm9qb8fCyLcB3HL,A$AP Ferg,hip hop
13ubrt8QOOCPljQ2FL1Kca,A$AP Rocky,hip hop
711MCceyCBcFnzjGY4Q7Un,AC/DC,rock
77qukKzmdI5BeMBR7WGUrN,Aaron Smith,house
0g9vAlRPK9Gt3FKCekk4TW,Ab-Soul,hip hop
7eLcDZDYHXZCebtQmVFL25,Aitana,pop
7vk5e3vY1uw9plTHJAMwjN,Alan Walker,house
5IH6FPUwQTxPSXurCrcIov,Alec Benjamin,pop
2wUjUUtkb5lvLKcGKsKqsR,Alessia Cara,pop
4AVFqumd2ogHFlRbKIjp1t,Alesso,dance
2DspEsT7UXGKd2VaaedgG4,Alex Rose,reggaeton
0OROVBEZCocg0FcgJpyBse,Alex Sensation,reggaeton
4rTv3Ejc7hKMtmoBOK1B4T,Ali Gatie,pop
2urF8dgLVfDjunO0pcHUEe,Alvaro Soler,pop
6kq4GHwUcUojGIu0ziSNXf,Amenazzy,reggaeton
3Gm5F95VdRxW3mqCn8RPBJ,Aminé,hip hop
3jK9MiCrA42lLAdMGUZpwa,Anderson .Paak,escape room
4sj6D0zlMOl25nprDJBiU9,Andy Williams,mellow
7FNnA9vBm6EKceENgCGRMb,Anitta,funk
1zNqDE7qDGCsyzJwohVaoX,Anne-Marie,pop
4jpsw9CQS439N0B7SecMgf,Ant Saunders,r&b
2R21vXR83lH98kGeO99Y66,Anuel AA,reggaeton
1qQLhymHXFPtP5U8KNKsm6,Apache 207,hip hop
7Ln80lUS6He07XvHI8qqHH,Arctic Monkeys,rock
7nwUJBm0HE4ZxD3f5cy5ok,Aretha Franklin,soul
66CXWjxzNUsdJxJ2JdwvnR,Ariana Grande,pop
0vRvGUQVUjytro0xpb26bs,Arizona Zervas,rap
0SfsnGyD8FpIN4U4WCkBZ5,Armin van Buuren,dance
4npEfmQ6YuiwW1GpUmaq3F,Ava Max,pop
1vCWHaC5f2uS3yhpwWbIA6,Avicii,dance
0p4nmQO2msCgU4IF37Wi3j,Avril Lavigne,pop
2XnBwblw31dfGnspMIwgWz,Axwell /\ Ingrosso,dance
39KEQQAG9JhIt71g9NEVhh,Azet,hip hop
41MozSoPIsD1dJM0CLPjZF,BLACKPINK,kpop
1Bl6wpkWCQ4KVgnASpvzzA,BROCKHAMPTON,boy band
3Nrfpe0tUJi4K4DXYWgMUX,BTS,kpop
4q3ewBCX7sLwd24euuV69X,Bad Bunny,reggaeton
2uFC1dAj5b0YU7vulKNZ0p,Banx & Ranx,basshall
35S20clEkkSNUo23ViaslZ,Band Aid,musical advocacy
4GvEc3ANtPPjt1ZJllr5Zl,Bazzi,pop
64M6ah0SkkRsnPGtGiRAbb,Bebe Rexha,pop
4obzFoKoKRHIphyHzJ35G3,Becky G,pop
6vWDO969PvNqNYHIOW5v0m,Beyoncé,pop
0c173mlxpT3dSFRgMO8XPh,Big Sean,hip hop
7mnAzEmgquhrVtGob81SmO,Big Shaq,rap
6qqNVTkY8uBg9cP3Jd7DAH,Billie Eilish,pop
6ZjFtWeHP9XN7FeKSUe80S,Bing Crosby,easy listening
716NhGYqD1jl2wI1Qkgq36,Bizarrap,trap
1yxSLGMDHlW21z4YXirZDS,Black Eyed Peas,pop
3yzRiNMZdTsSUgplcyYZ4i,Blanco Brown,country
4TEJudQY2pXxVHPE3gD2EU,BlocBoy JB,hip hop
3Fl1V19tmjt57oBdxXKAjJ,Blueface,rap
5n9bMYfz9qss2VOW89EVs2,Bomba Estéreo,cumbia
54R6Y0I7jGUCveDTtI21nb,Boney M.,pop
1aS5tqEs9ci5P9KD9tZWa6,Bonez MC,hip hop
4cPHsZM98sKzmV26wlwD2W,Brenda Lee,easy listening
0qSX3s5pJnAlSsgsCne8Cz,Brett Eldredge,country
26dSoYclwsYLMAKD3tpOr4,Britney Spears,pop
3eqjTLE0HfPfh78zjh6TqT,Bruce Springsteen,rock
0du5cEVh5yTK9QJze8zA0C,Bruno Mars,pop
6w9ToX5slZ4uIdmD17hJ3c,Bryant Myers,reggaeton
1ShZZUjkbXCjhwrb18BA8I,Bryce Vine,pop
00XhexlJEXQstHimpZN910,Brytiago,reggaeton
0MHgLfmQdutffmvWe5XBTN,Burl Ives,folk
3c96G4d2lUOxhomM2mby5S,Bushido,hip hop
5TYxZTjIPqKM8K8NuP9woO,C. Tangana,urbano
0eecdvMrqBftK0M1VKhaF4,CNCO,latin
0HkcYmcjrBR3SCw9Ld5VZk,Calboy,rap
6ydoSd3N2mwgwBHtF6K7eX,Calum Scott,indie
7CajNmpbOovFoOoasH2HaY,Calvin Harris,dance
4nDoRrQiYLoBzwC5BhVJzF,Camila Cabello,pop
28gNT5KBp7IjEOQoevXf9N,Camilo,reggaeton
4WZGDpNwrC0vNQyl9QzF7d,Capital Bra,hip hop
5SulO4l40qDuV9zUGLZx7n,Capo Plaza,hip hop
4kYSro6naA4h99UJvo89HB,Cardi B,rap
4vhNDa5ycK0ST968ek7kRr,Carlos Vives,pop
7CCjtD0hCK005Bvg2WG1a7,Carnage,dance
2LZDXcxJWgsJfKXZv9a5eG,Cashmere Cat,pop
2QUvtLq6oQaX0LNsYY2fas,Cauty,reggaeton
1anyVhU62p31KFi8MEzkbf,Chance the Rapper,rap
25uiPmTg16RbhZWAqwLBy5,Charli XCX,pop
6VuMaDnrHyPL1p4EHjYLi7,Charlie Puth,pop
7DMveApC7UnC2NPfPvlHSU,Cheat Codes,dance
73sIBHcqh3Z3NyqHKZ7FOL,Childish Gambino,hip hop
6tkyhGe9hGI3Lcfo4gVh6Z,ChocQuibTown,pop
7bXgB6jMjp9ATFy66eO08Z,Chris Brown,rap
0qTZZWLzuD59Un5r1speHm,Chris Jedi,reggaeton
5KEG7G8LDYlHgFDqZyEEs2,Chris Rea,rock
293zczrfYafIItmnmM3coR,Chuck Berry,rock
6MDME20pz9RveH9rEXvrOM,Clean Bandit,dance
4gzpq5DPGxSnKTe4SA8HAU,Coldplay,pop
0huGjMyP507tBCARyzSkrv,Cordae,rap
00me4Ke1LsvMxt5kydlMyU,Cosculluela,reggaeton
4S9EykWXhStSc15wEx8QFK,Céline Dion,pop
0QHgL1lAIqAw0HtD7YldmP,DJ Khaled,hip hop
64aJYyrXljOodnUG6jvhRD,DJ Luian,reggaeton
540vIaP2JwjQb9dm3aArA4,DJ Snake,dance
4r63FhuTkUYltbVAg5TQnk,DaBaby,hip hop
4VMYDCV2IEDYJArk749S6m,Daddy Yankee,reggaeton
36SRwzRkX5zW3ABjJrevqX,Dadá Boladão,funk
0KPX4Ucy9dk82uj4GpKesn,Dalex,r&b
7z5WFjZAIYejWy0NI5lv4T,Dan + Shay,country
5H1nN1SzW0qNeUEZvuXjAj,Danny Ocean,pop
391oLRVmoTkumiN79HkTWu,Darlene Love,pop
77tT1kLj6mCWtFNqiOmP9H,Daryl Hall & John Oates,rock
1Cs0zKBU1kc0i8ypK3B9ai,David Guetta,dance
6Dd3NScHWwnW6obMFbl1BH,Daya,pop
2TWBei99x2tV70bdYbWdAf,Dayvi,perreo
3QSQFmccmX81fWCUSPTS7y,Dean Lewis,pop
49e4v89VmlDcFCMyDv9wQ9,Dean Martin,easy listening
6S2OmqARrzebs0tKUEyXyp,Demi Lovato,pop
3EOEK57CV77D4ovYVcmiyt,Dennis Lloyd,pop
5KNNVgR6LBIABRIomyCwKJ,Dermot Kennedy,pop
73jBynjsVtofjRpdpRAJGk,Dimitri Vegas & Like Mike,dance
5fMUXHkw8R8eOP2RNVYEZX,Diplo,dance
431Pb5EV8KsCBGTw96ZTQ4,Dj Kass,hardcore
5cj0lLjcoR7YOSnhnX0Po5,Doja Cat,pop
6USv9qhCn6zfxlBQIYJ9qs,Dominic Fike,alternative
6vPXtLmNd3mW0dd1Rb9eQ9,Don Patricio,urbano
4Gso3d4CscCijv0lmajZWs,Don Toliver,rap
0HU0U9kdXEHZVxUNbuQe8S,Donny Hathaway,soul
3TVXtAsR1Inumwj472S9r4,Drake,rap
1iNqsUDUraNWrj00bqssQG,Dreamville,hip hop
6M2wZ9GZgrQXHCFfjv46we,Dua Lipa,pop
1bAftSH8umNcGZ0uyV7LMg,Duki,trap
3klZnJvYGIbWritVwQD434,Duncan Laurence,pop
3v6Ji4uoWtKRkhuDUaxi9n,Dynoro,dance
3fZk3Gm5dN5v5yfYMQ04Bx,Dímelo Flow,reggaeton
3cjEqqelV9zb4BYE3qDQ4O,EXO,kpop
4QQgXkCYTt3BlENzhyNETg,"Earth, Wind & Fire",funk
1AwO9pWEBSBoWdEZu28XDC,Eartha Kitt,torch song
6eUKZXaKkcviH0Ku9w2n3V,Ed Sheeran,pop
39E15l8zeCDYpSZwFNX4G2,Eleni Foureira,eurovision
5V0MlUE1Bft0mbLlND7FJz,Ella Fitzgerald,jazz blues
7HkdQ0gt53LP4zmHsL0nap,Ella Mai,r&b
0X2BH1fck6amBIoJhDVmmJ,Ellie Goulding,pop
3PhoLpVuITZKcymswpck5b,Elton John,rock
43ZHCT0cAZBISjO8DG9PnE,Elvis Presley,rock
7dGJo4pcD2V6oG8kP0tJRR,Eminem,hip hop
7qG3b048QCHVRO5Pv1T5lw,Enrique Iglesias,pop
5qa31A9HySw3T7MKWI9bGg,FLETCHER,pop
0WOxhx4hikIsyF3CRPLC8W,Famous Dex,hip hop
2JwyRtuXf2l6sTnSnGVIa1,Farid Bang,hip hop
47uyFQHOD02S0lj9ptRpoB,Felipe Araújo,sertanejo
4A7HeXSd4HtQuf6IR5XZ1b,Fero47,hip hop
2HUwZ0kumzCSlhFcjFZfpp,Flipp Dinero,rap
1moxjboGR7GNWYIMWsRjgG,Florence + The Machine,pop
3b8QkneNDz4JHKKKlLgYZg,Florida Georgia Line,country
2h93pZq0e7k5yf4dywlkpM,Frank Ocean,hip hop
1Mxqyy3pSjf8kZZL4QVxS0,Frank Sinatra,easy listening
6vXTefBL93Dj5IqAWq6OTv,French Montana,rap
6m1LYS5NQonxjOcQFPQOb5,Frenna,pop
1RyvyyTE3xzB2ZywiAwp0i,Future,hip hop
02kJSzxNuaWGqwubyUba0Z,G-Eazy,hip hop
0JOxt5QOwq0czoJxvSc5hS,GASHI,soul
3WQ1s2QFvL6crxBvrVhwzj,Gabriel Diniz,sertanejo
4sTQVOfp9vEMCemLw50sbu,Galantis,dance
1aQwKFn00nswXRDUDipm0K,Gaullin,dance
4upwdFMlZBmQ68jP9jPzjK,Gemitaiz,hip hop
5ixB75BQR3ADoWQkcHQJTs,Gene Autry,country
2ysnwxxNtSgbb9t1m2Ur4j,George Ezra,rock
3hteYQFiMFbJY7wS0xDymP,Gesaffelstein,techno
3egWSWp7Y4FyCKIyvXbw7L,Ghali,indie
3AA28KZvwAUcZuOKwyblJQ,Gorillaz,alternative
2tcoLkA9Hexz70Kuc1NTUl,Gradur,francoton
2ZRQcIgzPCVaT9XKhXZIzh,Gryffin,dance
0BqURncJM5B1BBu7UM51eq,Guaynaa,reggaeton
13y7CgLHjMVRMDqxdx0Xdo,Gucci Mane,rap
2hlmm7s2ICUX0LVIhVFlZQ,Gunna,hip hop
4yiQZ8tQPux8cPriYMWUFP,Gwen Stefani,pop
3Y7RZ31TRPVadSFVy1o8os,H.E.R.,r&b
5p7f24Rk5HkUZsaS3BLG5F,Hailee Steinfeld,pop
26VFTg2z8YR0cCuwLzESi2,Halsey,pop
6KImCVD70vtIoJWnq6nGn3,Harry Styles,pop
3p7PcrEHaaKLJnPUGOtRlT,Henrique & Juliano,sertanejo
2FXC3k01G6Gw61bmprjgqS,Hozier,irish singer-songwriter
5F1aoppMtU3OMiltO8ymJ2,Hugh Jackman,show tunes
6extd4B6hl8VTmnlhpl2bY,Huncho Jack,rap
73Np75Wv2tju61Eo9Zw4IR,Idina Menzel,show tunes
53XhwfbYqKCa1cC15pYq2q,Imagine Dragons,rock
6MPCFvOQv5cIGfw3jODMF0,Internet Money,rap
5iot8OPcosJN9nCl7I5SdK,Irama,pop
1vyhD5VmyZ7KMfW5gqLgo5,J Balvin,reggaeton
6l3HvQ5sa6mXTsMTB19rO5,J. Cole,hip hop
250b0Wlc5Vk0CoUsaCY84M,JENNIE,kpop
66W9LaWS0DPdL7Sz8iYGYe,JP Saxe,pop
4IWBUUAFIplrNtaOHcJPRM,James Arthur,pop
53KwLdlmrlCelAZMaLVZqU,James Blake,indie
07YZf4WDAMNwqr4jfgOZ8y,Jason Derulo,pop
4phGZZrJZRo4ElhRtViYdl,Jason Mraz,pop
4Q6nIcaBED8qUel8bBx6Cr,Jax Jones,dance
28ExwzUQsvgJooOI0X1mr3,Jay Rock,hip hop
3gIRvgZssIb9aiirIg0nI3,Jeremy Zucker,pop
4ScCswdRlyA23odg9thgIO,Jess Glynne,pop
1mX1TWKpNxDSAH16LgDfiR,Jesse & Joy,pop
0EFisYRi20PTADoJrifHrz,Jhay Cortez,reggaeton
3ATyg4fGC9F8trfb0GRWmX,Joey Montana,reggaeton
5y2Xq6xcjJb2jVM54GHK3t,John Legend,soul
4x1nvY2FN8jxqAFA0DA02H,John Lennon,rock
0hEurMDQu99nJRq8pTxO14,John Mayer,pop
3MZsBdqDrRTJihTHQrO6Dq,Joji,alternative
1HBjj22wzbscIZ9sEb5dyf,Jonas Blue,dance
7gOdHgIoIKoe4i9Tta6qdD,Jonas Brothers,pop
1CoZyIx7UvdxT5c8UkMzHd,Jorja Smith,r&b
7K78lVZ8XzkjfRSI7570FF,José Feliciano,pop
0rvjqX7ttXeg3mTy8Xscbt,Journey,rock
6C1ohJrd5VydigQtaGy5Wa,Joyner Lucas,hip hop
1ackd5XprZEkH3McKbQD51,Juan Magán,dance
0hItVPjwJLVZrFqOyIsxPf,Judy Garland,torch song
4MCBfE4596Uoi2O4DtmEMz,Juice WRLD,rap
4sg4no0TXdsrM1s4SVUwNF,Juju,pop
0ZED1XzwlLHW4ZaG4lOT6m,Julia Michaels,pop
1uNFoZAHBGtllmzznpCI3s,Justin Bieber,pop
14zUHaJZo1mnYtn6IBRaRP,Justin Quiles,reggaeton
31TPClRtHm23RisEBtV3X7,Justin Timberlake,pop
4gOc8TsQed9eqnqJct2c5v,K/DA,kpop
790FomKkXshlbRYZFtlgla,KAROL G,reggaeton
5p7mWeX4RlvqBCxylfiXdE,KC Rebell,drill
4m6ubhNsdwF4psNf3R8kwR,KHEA,trap
2hPgGN4uhvXAxiXQBIXOmE,KIDS SEE GHOSTS,hip hop
1nzgtKYFckznkcVMR3Gg4z,KSI,hip hop
4qBgvVog0wzW75IQ48mU7v,KYLE,rap
5sRQkVexJlax2iISuqL8cV,Kalazh44,drill
5K4W6rqBFWDnAN6FQUkS6x,Kanye West,rap
6jJ0s89eD6GaHleKKya26X,Katy Perry,pop
7HV2RI2qNug4EcQqLbCAKS,Keala Settle,broadway
0cGUm45nv7Z6M6qdXYQGTX,Kehlani,pop
3BmGtnKgCSGYIUhmivXKWX,Kelly Clarkson,pop
2YZyLoL8N0Wb9xBt1NhZWg,Kendrick Lamar,hip hop
1RBzGO6Nm3uyhUSxP7EDWO,Kevin Roldan,reggaeton
6LuN9FCkKOj5PcnpouEgny,Khalid,pop
4qIVPF0s71ZYW3qzhu5GkF,Kina,rap
6beUvFUlKliUYJdLOXNj9C,King Princess,pop
5tHiL8SKSaZGMBUPIiSmX4,KitschKrieg,hip hop
46SHBwWsqBkxI7EeeBEQG7,Kodak Black,hip hop
4lDiJcOJ2GLCK6p9q5BgfK,Kontra K,hip hop
4LcUpNlXFEleaLlelmkv2R,Kris Kross Amsterdam,pop
23fqKkggKUBHNkbKtXEls4,Kygo,dance
4RVnAU35WRWra6OZ3CbbMA,Kylie Minogue,pop
49tQo2QULno7gxHutgccqF,LANY,pop
2feDdbD5araYcm6JhFHHw7,Labrinth,indie
1HY2Jd0NmPuamShAr6KMms,Lady Gaga,pop
00FQb4jTyendYWaN8pK0wa,Lana Del Rey,pop
5JZ7CnR6gTvEMKX4g70Amv,Lauv,pop
6i3DxIlAqnDkwELLw4aVrx,Lele Pons,pop
5lKZWd6HiSCLfnDGrq9RAm,Leona Lewis,pop
6BeO1KuAWBqFriL1mLHtNc,Leslie Grace,latin
4GNC7GD6oZMSxPGyXy4MNB,Lewis Capaldi,pop
5pUo3fmmHT8bhCyHE52hA6,Liam Payne,pop
5f7VJjfbwm532GiveGC0ZK,Lil Baby,trap
1tqhsYv8yBBdwANFNzHtcr,Lil Dicky,rap
5zctI4wO9XSKS8XwcnqEHk,Lil Mosey,rap
7jVv8c5Fj3E9VhNjxT4snq,Lil Nas X,hip hop
2kCcBybjl3SAtIcwdWpUe3,Lil Peep,hip hop
3wyVrVrFCkukjdVIdirGVY,Lil Pump,rap
7d3WFRME3vBY2cgoP38RDo,Lil Skies,rap
4Ga1P7PMIsmqEZqhYZQgDo,Lil Tecca,rap
6jGMq4yGs7aQzuGsMgVgZR,Lil Tjay,rap
4O15NlyKLIASxsJ0PrXPfz,Lil Uzi Vert,rap
55Aa2cqylxrFIXC767Z865,Lil Wayne,rap
3EXdLajEO02ziZ90P90bSW,Lil Xan,hip hop
6icQOAFXDZKsumw3YXyusw,Lil Yachty,hip hop
3e7awlrlDSwF3iM0WBjGMp,Little Mix,pop
56oDRnqbIiwx4mymNEv7dS,Lizzo,pop
4xRYI6VqpkE3UwrDrAZL8L,Logic,rap
6ltzsmQQbmdoHHbLZ4ZN25,Lord Huron,indie
2Im8m4STDBosjfmb5hmP80,Loredana,pop
0LyOADBjj28cbvJWTXUEGA,Loren Allred,talent show
6t1gpxYbY8OlLA7D2RiikQ,Loud Luxury,dance
7wg1qvie3KqDNQbAkTdbX0,Louis The Child,pop
57WHJIHrjOE3iAxpihhMnp,Louis Tomlinson,pop
3yiEJ9SByXZMXTwaKdVFN4,Luche,hip hop
4V8Sr092TqfHkfAA5fXXqG,Luis Fonsi,pop
25u4wHJWxCA9vO0CzxAbK7,Lukas Graham,pop
47MpMsUfWtgyIIBEFOr4FE,Lunay,reggaeton
7Do8se3ZoaVqUt3woqqSrD,MACHETE,hip hop
1bqxdqvUtPWZri43cKHac8,MAX,pop
2W6kbe0nm96COrHzNmfLLd,MC Fioti,funk
2UMj7NCbuqy1yUZmiSYGjJ,MC Kevin o Chris,funk
0lHB0Qc4pmD5RkTLlHeESo,MC L da Vinte,funk
6tdM5Njlln7nWkonCppW0u,MC Loma e As Gêmeas Lacração,funk
3a5ydeAaojKa3CHWe5PVWK,MC MM,funk
0xRXCcSX89eobfrshSVdyu,MEDUZA,dance
1MIVXf74SZHmTIp4V4paH4,Mabel,pop
4LLpKhyESsyAXpc4laK94U,Mac Miller,rap
6TIYQ3jFPwQSRmorSezPxX,Machine Gun Kelly,hip hop
3JhNCzhSMTxs9WLGJJxWOY,Macklemore,hip hop
2kRfqPViCqYdSGhYSM9R0Q,Madison Beer,pop
0uGk2czvcpWQA383Im6ajf,Maggie Lindemann,pop
06nvjg4wBANK6DCHjqtPNd,Mahmood,pop
738wLrAtLtCtFOLvQBXOXp,Major Lazer,dance
1r4hJ1h58CWwUQe3MxPuau,Maluma,reggaeton
2T1aUibqR2QC2sINIDQOAK,Mambo Kingz,reggaeton
0tmwSHipWxN12fsoLcFU3B,Manuel Turizo,reggaeton
4wLXwxDeWQ8mtUIRPxGiD6,Marc Anthony,salsa
6WY7D3jk8zTrHtmkqqo5GI,Maren Morris,country
4iHNK0tOyZPYnBU7nGAgpQ,Mariah Carey,r&b
3hv9jJF3adDNsBSIQDqcjp,Mark Ronson,pop
04gDigrS5kc9YWfZHwBETP,Maroon 5,pop
5AZuEF0feCXMkUCwQiQlW7,Marracash,hip hop
64KEffDW9EtZ1y2vBYgq8T,Marshmello,dance
60d24wfXkVzDSfLS6hyCjZ,Martin Garrix,dance
1yR65psqiazQpeM79CcGh8,Marília Mendonça,sertanejo
6xvpfMjWTougrRRtK7iikz,Mason Ramsey,country
2Z0lRIqr997lIUiPtrpKCr,Matheus & Kauan,sertanejo
2JLqTvFXmC87BksiCsBezV,Matt Terry,talent show
2wkoKEfS6dXwThbyTnZWFU,Mau y Ricky,pop
20sxb77xiYeusSH8cVdatc,Meek Mill,rap
181bsRPaVXVlUKXrxwZfHK,Megan Thee Stallion,rap
6JL8zeS1NmiOftqZTRgdTz,Meghan Trainor,pop
0iEtIxbK0KxaSlF7G42ZOp,Metro Boomin,hip hop
1GxkXlMwML1oSg5eLPiAz3,Michael Bublé,pop
3fMbdgg4jU18AjLCKBhRSm,Michael Jackson,r&b
6oMuImdp5ZcFhWP0ESe6mG,Migos,rap
360IAlyVv4PCEVjgyMZrxK,Miguel,r&b
5YGY8feqx7naU7z4HrwZM6,Miley Cyrus,pop
4AA474G2hRfrHyGrfyDseO,Mozzy,hip hop
3gd8FJtBJtkRxdfbTu19U2,Mumford & Sons,rock
0YinUQ50QDB7ZxSCLyQ40k,Mustard,rap
7iK8PXO48WeuP03g8YR51W,Myke Towers,trap
6lBN3Tzt61u8i9AJoAhKzF,Mykola Dmytrovych Leontovych,ukrainian classical
3OxZ4asD88P1lJJmLcXz4K,Márcia Fellipe,sertanejo
5wPoxI5si3eJsYYwyXV4Wi,N.E.R.D,hip hop
7rkW85dBwwrJtlHRDkJDAC,NAV,rap
6fOMl44jA4Sp5b9PpYCkzz,NF,rap
0ErzCpIMyLcjPiwT4elrtZ,NLE Choppa,hip hop
5jAMCwdNHWr7JThxtMuEyy,NOTD,dance
2ayNSoKPCRAfjp6hQ76hRu,Nacho,pop
2Zi3RrdQqk63Xj0914STkS,Naomi Scott,pop
20qISvAhX20dpIbOOzGK3q,Nas,hip hop
7v4imS0moSyGdXyLgVTIV7,Nat King Cole,lounge
1GDbiv3spRmZ1XdM1jQbT7,Natti Natasha,rap
4LXBc13z5EWsc5N32bLxfH,Nekfeu,pop
4Z4afeDmHFxPmJorIwupbZ,Netta,eurovision
1Hsdzj7Dlq2I7tHP7501T4,Niall Horan,pop
4Rxn7Im3LGfyRkY2FlHhWi,Nick Jonas,pop
0hCNtLu0JehylgoiP8L4Gh,Nicki Minaj,pop
1SupJlEpv7RS2tPNRaHViT,Nicky Jam,reggaeton
3ZuBEj9ppJe8GSdKaMTfMN,Nimo,hip hop
6Te49r3A6f5BiIgBRxH7FH,Ninho,pop
5hdhHgpxyniooUiQVaPxQ0,Nio Garcia,reggaeton
0EeQBlQJFiAfJeVN2vT9s0,Nipsey Hussle,hip hop
55fhWPvDiMpLnE4ZzNXZyW,Noah Cyrus,pop
3RtNN1VnooWEn3KQk03DUL,Noriel,reggaeton
3S6gaE89XewFAvZqsMuJDJ,Norm Ender,trap
2cWZOOzeOm4WmBJRnD5R7I,Normani,pop
2DaxqgrOhkeH0fpeiQq2f4,Oasis,beatlesque
4DdkRBBYG6Yk9Ka8tdJ9BW,Offset,hip hop
3lY9Fxceu60W1rbon7PkuF,Omar Montes,urbano
5Pwc4xIPtQLFEnJriah9YJ,OneRepublic,rock
1i8SpTcr7yvPOmcqrbnVXY,Ozuna,reggaeton
1KCSPY1glIKqW2TotWuXOR,P!nk,pop
2HPaUgqeutzr3jx5a9WyDV,PARTYNEXTDOOR,rap
3NH8t45zOTqzlZgBvZRjvB,PNL,pop
7rOlQwf8OuFLFQp4aydjBt,Paloma Mami,trap
20JZFwl6HVl6yg8a4H3ZqK,Panic! At The Disco,emo
0gadJ2b9A4SKsB1RFkBb66,Passenger,pop
4STHEaNw4mPZ2tzheohgXB,Paul McCartney,rock
3vQ0GE3mI0dAaxIMYe5g7z,Paulo Londra,trap
4QVBYiagIaa6ZGSPMbybpy,Pedro Capó,pop
26AHtbjWKiwYzsoGoUZq53,Pentatonix,a cappella
5v8jlSmAQfrkTjAlpUfWtu,Perry Como,easy listening
4K9aclpXgCPNFGEqRlFPal,Peter Manos,indie
2RdwBSPQiwcmiDo9kixcl8,Pharrell Williams,rap
4bw2Am3p9ji3mYsXNXtQcd,Piso 21,reggaeton
699OTQXzgjhIYAHMy9RyPD,Playboi Carti,trap
6AgTAQt8XS6jRWi4sX7w49,Polo G,rap
3JXpwnHbLvXxY99EuXqFPX,Poo Bear,r&b
4kI8Ie27vjvonwaB2ePh8T,Portugal. The Man,rock
246dkjvS1zLTtiykXe5h60,Post Malone,rap
3MHaV05u0io8fQbZ2XPtlC,Prince Royce,latin
0ONHkAv9pCAFxb0zJwDNTy,Pusha T,hip hop
6i392l38cR3uBPF0DbNs7S,Quality Control,rap
0VRj0yCOv2FXJNP47XQnx5,Quavo,hip hop
1dfeR4HaWDbWqFHLkxsg1d,Queen,rock
6cEuCEZu7PAE9ZSzLLc2oQ,R3HAB,house
0Dvx6p8JDyzeOPGmaCIH1L,RAF Camora,hip hop
7ltDVBr6mKbRvohxheJ9h1,ROSALÍA,r&b
7iZtZyCzp3LItcw1wtPI3D,Rae Sremmurd,hip hop
6wWVKhxIU2cEi0K81v7HvP,Rammstein,industrial
6ywXRaHY7m2DJ0dd7CsLAB,Ramz,hip hop
1mcTU81TzQhprhouKaTkpq,Rauw Alejandro,pop
0NyzfcGDZZ6GM25EBG9BYK,Ray Parker Jr.,funk
1z4g3DjTBBZKhvAroFlhOM,Red Velvet,kpop
4ofCBoyEiGSePFAG500xev,Regard,dance
0vR2qb8m9WHeZ5ByCbimq2,Reik,pop
5GcWBUX00IPuWVGMIRK1sS,Residente,hip hop
1Fg19vpUJpAAPFjnKaVYVW,Reynmen,hip hop
2kqUKsTuEj1lPbm6BSn1AU,Rich Music LTD,reggaeton
1pPmIToKXyGdsCF6LmqLmI,Rich The Kid,hip hop
1sBkRIssrMs1AbVkOJbc7a,Rick Ross,rap
5CCwRZC6euC8Odo6y9X8jr,Rita Ora,pop
7i9j813KFoSBMldGqlh2Z1,Riton,dance
3t5xRXzsuZmMDkQzgOX35S,Robin Schulz,dance
757aE44tKEUQEqRuT6GnEB,Roddy Ricch,rap
5lwmRuXgjX8xIwlnauTZIP,Romeo Santos,latin
4WN5naL3ofxrVBgFpguzKo,Rudimental,dance
1z7b1Pr1rSlvWRzsW3HOrS,Russ,rap
1fctva4kpRbg2k3v7kwRuS,Rvssian,reggaeton
0H39MdGGX6dbnnQPt6NQkZ,SAINt JHN,rap
3KwmxIhSe9UTSEF37kwngR,SHAED,pop
0JBdTCGs111JKKYfLqOEBa,SHIRIN DAVID,pop
2TImI3DW7o5MdRXJs4D37h,SOB X RBE,trap
7tYKF4w9nC0nq9CsPZTHyP,SZA,r&b
74KM79TiuVKeVCqs8QtB0B,Sabrina Carpenter,pop
3hBQ4zniNdQf1cqqo6hzuW,Salmo,hip hop
20gsENnposVs2I4rQ5kvrf,Sam Feldt,dance
2wY79sveU1sp5g7SokKOiI,Sam Smith,pop
6h1s4i4XKIYv4ErDelLDN0,Samra,hip hop
6cK3NBO6uP7hh0oyuVELFl,Saweetie,rap
5IcR3N7QB1j6KBL8eImZ8m,ScHoolboy Q,hip hop
3Isy6kedDrgPYoTS1dazA9,Sean Paul,dance
07YUOmWljBTXwIseAUd9TW,Sebastian Yatra,reggaeton
77ziqFxp5gaInVrF2lj4ht,Sech,reggaeton
5iNrZmtVMtYev5M9yoWpEq,Seeb,dance
0C8ZW7ezQVs4URX5aX7Kqx,Selena Gomez,pop
23TFHmajVfBtlRx5MXqgoz,Sfera Ebbasta,pop
0wi4yTYlGtEnbGo4ltZTib,Shakin' Stevens,rock
0EmeFodog0BfCgMzAIvKQp,Shakira,pop
7n2wHs1TKAczGzO7Dd2rGr,Shawn Mendes,pop
2RDOrhPqAM4jzTRCEb19qX,Sheck Wes,trap
5j21TGkrNEAJe3gG9VlS34,Shindy,hip hop
5WUlDfRSoLAfcVSX1WnrxN,Sia,pop
4Yttlv9ndGjCDCVLqM7ACq,Sido,hip hop
1IueXOQyABrMOprrzwQJWN,Sigala,dance
2X97ZAqRKRMYFIDqtvGgGc,Silk City,dance
2rhFzFmezpnW82MNqEKVry,Ski Mask The Slump God,hip hop
05fG473iIaoy82BF1aGhL8,Slipknot,heavy metal
21dooacK2WGBB5amYvKyfM,Smokepurpp,hip hop
5UjifI1TYefXWn9GdqDOHl,Social House,rap
0haZhu4fFKt0Ag94kZDiz2,Sofia Reyes,pop
2auiVi8sUZo17dLy1HwrTU,Solange,pop
27hSR8e34ZM5vj5fUFixyb,Stan Kenton,big band
77AiFEVeAVj2ORpC85QVJs,Steve Aoki,dance
7guDJrEfX3qb6FEbdPA5qi,Stevie Wonder,quiet storm
2SrSdSvpminqmStGELCSNd,Stormzy,grime
3drqpTL4sQOckmAfF9i1wg,Summer Cem,hip hop
57LYzLEk2LcFghVwuWbcuS,Summer Walker,r&b
5BHFSMEjfLVx1JwRWjAOsE,SuperM,kpop
1zNqQNIdeOUZHb8zbZRFMX,Swae Lee,rap
7vXDAI8JwjW531ouMGbfcp,TINI,pop
0ghlgldX5Dd6720Q3qFyQB,TOMORROW X TOGETHER,kpop
0PFtn5NtBbbUNbU9EAmIWF,TOTO,rock
7n2Ycct7Beij7Dj7meI4X0,TWICE,kpop
0GM7qgcRCORpGnfcN2tCiB,Tainy,reggaeton
3EW0kQ1skZiK1NHg3Spt9J,Takeoff,hip hop
5INjqkS1o8h1imAzPqGZBb,Tame Impala,psych
06HL4z0CvFAxyc27GXpf02,Taylor Swift,pop
6AUl0ykLLpvTktob97x9hO,Tee Grizzley,hip hop
23wEWD21D4TPYiJugoXmYb,Thalia,pop
3mIj9lX2MWuHmhNCA7LSCW,The 1975,rock
3oDbviiivRWhXwIE8hxkVV,The Beach Boys,pop
4fpTMHe34LC5t3h5ztK8qu,The Carters,dance
69GGBxA162lTqCwzJG5jLp,The Chainsmokers,dance
7t0rwkOPGlDPEhaOcVtOt9,The Cranberries,rock
2iE18Oxc8YSumAU232n4rW,The Jackson 5,motown
0C0XlULifJtAgn6ZNCW2eu,The Killers,rock
2wzMOQwNT6ZvVB4amvhFAH,The Pogues,punk
5NGO30tJxFlKixkPSgXcFE,The Police,rock
7CyeXFnOrfC1N6z4naIpgo,The Ronettes,motown
7ciBW1p3KBsYIkFk4UmwS8,The Rudeboyz,reggaeton
1Xyo4u8uXC1ZmMpatF05PJ,The Weeknd,pop
6x2LnllRG5uGarZMsD4iO8,Thomas Rhett,country
2o5jDhtHVPhrJdv3cEQ99Z,Tiësto,dance
7z2avKuuiMAT4XZJFv8Rvh,Tom Walker,indie
2NjfBq1NflQcKSeiDooVjY,Tones And I,pop
2lolQgalUvZDfp5vvVtTYV,Tony Bennett,easy listening
2jku7tDXc6XoB6MO2hFuqg,Tory Lanez,rap
3FUY2gzHeIiaesXtOAdB7A,Train,pop
0Y5tJX1MQlPlqiwlOH1tJY,Travis Scott,rap
7uaIm6Pw7xplS8Dy06V6pT,Trevor Daniel,rap
6Xgp2XMz1fhVYe7i6yNAax,Trippie Redd,rap
5bzWtCkjIAMgN93gLt56SO,Tropkillaz,pop
3WGpXCj9YhhfX11TToZcXP,Troye Sivan,pop
3YQKmKGau1PzlVlkL1iodx,Twenty One Pilots,rock
7xX15v6ahAkcT14kHfB9wB,True Damage,krap
7c0XG5cIJTrrAgEC3ULPiq,Ty Dolla $ign,hip hop
5LHRHt1k9lMyONurDHEdrp,Tyga,rap
4V8LLVI7PbaPR0K2TGSxFF,"Tyler, The Creator",hip hop
5pVRwX5ZQR7hfJ18w8ZYkl,Ufo361,hip hop
3hN3iJMbbBmqBSAMx5veDa,Ultimo,pop
4VuARVJiWGsH2msKTdsKdQ,Veysel,hip hop
68kEuyFKyqrdQQLLsmiatm,Vince Staples,hip hop
5YCc6xS5Gpj3EkaYGdjyNK,WOS,indie
5lpH0xAS4fVfLkACg9DAuM,Wham!,pop
2jnIB6XdLvnJUeNTy5A0J2,Why Don't We,pop
3E6xrwgnVfYCrCs0ePERDz,Wisin,reggaeton
1wZtkThiXbVNtj6hee6dz9,Wisin & Yandel,reggaeton
137W8MRPWKqSmrBGDBFSop,Wiz Khalifa,rap
2OnKRchqP7tT0FzTvWIFI7,Wolfine,reggaeton
15UsOTVnJzReFVN1VCnxy4,XXXTENTACION,hip hop
6USMTwO0MNDnKte5a5h0xx,Y2K,rap
3gGUMEwIX6XodWsYEvKSal,YBN Nahmir,rap
0A0FS04o6zMoto8OKPsDwY,YG,rap
1cNDP5yjU5vjeR8qMf4grg,YNW Melly,rap
6Ad91Jof8Niiw0lGLLi3NW,YUNGBLUD,rock
0eHQ9o50hj6ZDNBt6Ys1sD,Yandel,reggaeton
5vBSrE1xujD2FXYRarbAXc,Years & Years,pop
50co4Is1HCEo8bhOyUWKpn,Young Thug,rap
7wlFDEWiM5OoIAt8RSli8b,YoungBoy Never Broke Again,rap
5ZsFI1h6hIdQRw2ti0hz81,ZAYN,pop
6U1dBXJhC8gXFjamvFTmHg,Zac Efron,pop
3qBKjEOanahMxlRojwCzhI,Zacari,gqom
1Xylc3o4UrD53lo9CvFvVg,Zara Larsson,pop
2qxJFvFYMEDqd7ui6kSAcq,Zedd,dance
21451j1KhjAiaYKflxBjr1,Zion & Lennox,reggaeton
487N2T9nIPEHrlTZLL3SQs,Zé Neto & Cristiano,sertanejo
5CiGnKThu5ctn9pBxv7DGa,benny blanco,pop
2cFrymmkijnjDg9SS92EPM,blackbear,pop
19i93sA0D7yS9dYoVNBqAA,tha Supreme,pop
0b1sIQumIAsNbqAoIClSpy,j-hope,krap
