word,counts
que,3660
no,2433
y,1993
la,1794
me,1781
te,1706
a,1588
tu,1537
yo,1419
de,1277
se,1215
lo,1198
el,1164
oh,1044
en,995
mi,871
si,769
u,704
eh,680
pa,677
como,651
un,546
con,518
yeh,516
pero,515
por,495
le,475
es,467
yeah,452
e,426
ella,423
ey,416
quiero,393
baby,391
ya,389
c,347
esta,332
cuando,326
una,318
ti,299
ah,290
o,279
los,278
las,269
to,263
uh,259
b,258
quiere,252
va,236
mas,235
porque,233
soy,232
tiene,230
wuh,222
tengo,210
solo,201
eso,196
hace,192
ahora,190
bien,178
sin,177
da,175
uah,174
bebe,174
siempre,173
noche,170
hasta,170
ve,166
su,165
hay,161
conmigo,160
aqui,154
todo,150
nos,147
dime,145
asi,143
para,141
voy,139
otra,139
hoy,138
estoy,135
yah,133
pam,131
mami,130
vamo,130
gusta,130
ese,127
sabe,127
al,127
dice,125
ta,125
baila,122
amor,122
cama,121
vez,121
nadie,121
eres,120
ni,116
ay,113
woh,113
ma,113
contigo,110
ere,108
tiempo,108
vida,106
estas,105
esa,103
you,103
na,102
d,101
nunca,99
the,96
nada,95
tus,93
esto,93
otro,92
ver,91
quien,89
fue,89
f,89
i,89
dale,86
dura,86
puedo,85
ser,83
hacer,83
mal,83
uoh,82
quieres,81
dimelo,81
paso,80
mia,77
del,77
vi,76
sola,76
ahi,76
tienes,76
rico,75
mejor,75
pone,75
pum,74
ac,74
donde,73
beso,72
pide,72
loca,71
tire,70
hago,70
rebola,69
tan,69
ra,69
prr,68
mundo,68
machika,68
runa,67
veo,66
vas,66
tra,65
reggaeton,65
on,65
calor,64
vo,63
desde,63
dia,61
boca,61
son,60
real,59
novio,59
cuerpo,59
este,59
flow,58
nuestro,58
pom,58
sigo,57
tambien,57
verte,57
algo,57
perreo,56
dos,55
era,54
ven,54
he,54
nuevo,54
pasa,53
puede,53
duro,52
encima,51
rato,51
par,51
despues,51
amiga,51
s,50
let,50
llama,50
aunque,50
estar,50
siento,49
j,49
pensando,49
bailar,49
bailando,49
dame,48
nota,48
ton,48
doy,47
mujer,47
dejame,46
jaja,46
suena,46
l,46
tas,46
mis,46
mismo,45
deja,45
nena,45
sea,45
balvin,44
ha,44
digo,44
corazon,44
sigue,44
buena,44
decir,44
music,43
girl,43
mente,43
musica,43
dile,42
vaya,42
bola,41
ahn,41
bebecita,41
criminal,41
sol,40
pase,40
tuyo,40
pasar,40
dejo,40
sale,40
necesito,40
ganas,40
ca,40
dembow,39
casa,39
leggo,39
toda,39
mueve,39
g,38
brr,38
feliz,38
muy,38
mira,38
ja,38
loco,38
dar,38
misma,37
aca,37
it,37
sabes,37
maniana,36
ba,36
pista,36
fuego,36
piel,36
muerte,36
saber,35
igual,35
mio,35
mil,35
sube,35
do,34
quiera,34
ia,34
dio,34
drums,34
necesita,34
alla,33
cintura,33
disco,33
see,33
hacia,33
so,33
cara,33
sus,33
ante,32
comerte,32
antes,32
work,32
ojos,32
tener,32
uno,32
poom,32
pelo,32
taki,32
beber,32
mete,32
toque,31
falta,31
acuerdo,31
creo,31
fui,31
vamos,31
enamore,31
quedate,31
casi,31
darte,31
mucho,31
besos,31
buscar,31
cosa,30
mera,30
tuya,30
mientras,30
traje,30
viene,30
cada,30
claro,30
t,30
vuelvo,30
aja,30
hacerte,29
hora,29
tampoco,29
parar,29
soltera,29
r,29
dicen,29
poco,29
rompiendo,29
locura,29
diga,28
estamo,28
gente,28
estan,28
up,28
dj,28
pienso,28
yatra,28
estamos,28
llego,28
hmm,28
pongo,28
salir,28
quieren,28
momento,28
importa,28
daddy,27
volver,27
this,27
fuera,27
llevar,27
ir,27
negar,27
culo,27
bad,27
papi,27
queria,27
primera,27
miedo,26
man,26
party,26
ozuna,26
pare,26
cuarto,26
tenerte,26
mala,26
haga,26
juego,25
entera,25
quede,25
pido,25
booty,25
gana,25
cambiar,25
olvido,25
llega,25
salio,25
todos,25
pasarla,25
bunny,25
pues,25
ves,25
hacerlo,24
fuma,24
oye,24
queda,24
nah,24
dando,24
dormir,24
mata,24
acabe,24
sere,24
bajo,24
grande,24
problema,24
di,24
toca,24
caliente,24
hombre,24
cabron,23
nicky,23
abajo,23
bonita,23
tal,23
woo,23
poquito,23
calle,23
pu,23
joda,23
saben,23
tanto,22
as,22
haciendo,22
lu,22
luego,22
amigas,22
estaba,22
love,22
runaway,22
playa,22
habla,22
siga,22
punto,22
vuelta,22
media,22
alguien,22
solita,22
recuerdo,22
come,22
sentir,22
solamente,22
vuelve,22
ovy,21
vuelva,21
like,21
friki,21
buen,21
that,21
hacemo,21
puso,21
sexo,21
fumar,21
favorito,21
m,21
cancion,21
calma,21
horas,21
fran,21
go,21
moja,21
quisiera,21
fiel,21
suave,21
whine,21
olvidar,21
final,21
dios,20
botella,20
dan,20
destino,20
mano,20
goteo,20
rauw,20
caso,20
in,20
luna,20
unica,20
despue,20
my,20
joder,20
van,20
and,20
tenia,20
huh,20
trago,20
she,20
probar,20
gozala,19
mmm,19
lejos,19
somos,19
bam,19
todas,19
merece,19
ouh,19
puerta,19
mamacita,19
what,19
yankee,19
dije,19
cuenta,19
bella,19
re,19
sientes,18
siente,18
vaina,18
visto,18
perdi,18
mucha,18
parece,18
cabeza,18
seas,18
seria,18
sean,18
pijama,18
sky,18
know,18
alcohol,18
nombre,18
llevo,18
amarte,18
todavia,18
encanta,18
feel,18
teta,18
llegue,18
your,18
nalga,18
pena,18
llamo,18
fuiste,17
ponte,17
amigo,17
sentirte,17
normal,17
vuelvas,17
decirte,17
borracha,17
arena,17
jeje,17
picheo,17
gucci,17
apaga,17
anuel,17
danio,17
pueden,17
pensar,17
amar,17
ritmo,17
supe,17
tranquila,17
cual,17
jajaja,17
salga,17
cosas,17
caro,17
somo,17
nosotro,17
hizo,17
niego,17
jeepeta,17
mirar,17
juro,17
perrear,17
conoce,16
mirada,16
deje,16
hey,16
dices,16
entre,16
mai,16
ninguna,16
mar,16
medio,16
amanecer,16
alma,16
cc,16
luz,16
bonito,16
marihuana,16
jangueo,16
amigos,16
muero,16
gaby,16
wouh,16
acabo,16
nivel,15
suavecito,15
hice,15
baile,15
cerquita,15
pasan,15
puesto,15
bum,15
mueva,15
hola,15
termina,15
pego,15
arrebata,15
bailame,15
robarte,15
amo,15
quita,15
hiciste,15
esperar,15
sabia,15
cuatro,15
miro,15
morena,15
cambie,15
pedi,15
nosotros,15
we,15
vea,15
gustan,15
toy,15
soledad,15
pudrio,15
moda,15
gustas,15
jeday,15
chris,15
okay,15
oido,15
veces,15
be,15
all,15
pasas,15
olvida,15
p,15
kingz,15
llorar,15
deseo,15
olvide,14
semana,14
llame,14
castigo,14
echa,14
viejo,14
bandolera,14
swing,14
ojala,14
sera,14
fin,14
acabar,14
vacilar,14
existe,14
pense,14
ando,14
aun,14
han,14
comer,14
poder,14
extranio,14
chu,14
enchu,14
seguir,14
cero,14
perro,14
perdido,14
sepa,14
hi,14
llamar,14
secreto,14
vivir,14
frente,14
frio,14
salvaje,14
culpa,14
rumbear,14
besarte,14
anios,14
bobo,14
tipo,14
high,13
fuerte,13
puedes,13
baja,13
clan,13
dejar,13
santa,13
anda,13
pierde,13
adan,13
suelta,13
bellaqueo,13
comida,13
contra,13
justo,13
complico,13
eva,13
mota,13
carajo,13
skrt,13
consigue,13
pasito,13
coge,13
sorry,13
gang,13
suba,13
lento,13
wow,13
seguro,13
perder,13
pega,13
celoso,13
ngilondoloze,13
ama,13
say,13
portarse,13
bicho,13
discoteca,13
dentro,13
tenemos,13
sonando,13
olvidando,13
escucha,13
favorita,13
diabla,13
vienes,12
picky,12
tenga,12
cuello,12
foto,12
manda,12
plan,12
vece,12
verdad,12
estare,12
facil,12
dinero,12
cien,12
dejas,12
venir,12
manual,12
verno,12
whisky,12
relacion,12
llegar,12
numero,12
chin,12
special,12
bajando,12
has,12
perrito,12
tainy,12
lugar,12
tienen,12
despacito,12
eras,12
malo,12
rebotan,12
aeh,12
amas,12
buscaste,12
bellaca,12
can,12
temperatura,12
turizo,12
sido,12
actitud,12
solas,12
enamora,12
peak,12
gusto,12
solos,12
tres,12
yaya,12
tre,12
janguear,12
carita,12
lean,12
don,12
afuera,12
bye,12
ojo,12
dolor,11
hablar,11
bueno,11
pasado,11
polvo,11
suelo,11
camino,11
diablo,11
escuchando,11
lunay,11
tira,11
lentamente,11
cri,11
enamorarme,11
frikitona,11
pri,11
temprano,11
cel,11
cura,11
atencion,11
vueltas,11
llamas,11
said,11
cinturita,11
ultima,11
perderte,11
bellaco,11
bellaquear,11
esperando,11
yay,11
busco,11
buscando,11
suenio,11
video,11
fiesta,11
mujeres,11
queremo,11
corriendo,11
shiuf,11
pose,11
cambio,11
les,11
tamos,11
decias,11
puse,11
raro,11
toma,11
gyal,11
borracho,11
ponga,11
cuanto,11
volvio,11
calentar,11
puesta,11
espero,11
tumba,11
alex,11
entender,11
sech,11
anio,11
murio,11
volvi,11
busca,11
aquella,11
interesante,11
piensas,11
ropa,11
permite,11
terminar,11
quieras,11
quedo,11
je,11
ignora,11
jam,11
shorty,11
quiles,11
lado,11
pasamo,10
kill,10
madrid,10
menea,10
meto,10
sigues,10
young,10
mentir,10
habia,10
yes,10
falle,10
rrr,10
timidez,10
imposible,10
iba,10
bb,10
ae,10
nuestra,10
diosa,10
cualquier,10
salgo,10
carro,10
extrania,10
echale,10
apenas,10
now,10
pared,10
perrearte,10
pegate,10
problemas,10
romeo,10
buscandome,10
romper,10
duele,10
rra,10
cualquiera,10
maluma,10
besito,10
towers,10
records,10
cuento,10
espera,10
favor,10
colores,10
quito,10
pones,10
bon,10
vine,10
for,10
ponen,10
atrevida,10
canse,10
llena,10
explico,10
huele,10
esos,10
muah,10
bebida,10
plo,10
dicky,10
lante,10
definitivamente,10
acercate,10
entere,10
pueda,10
orgullo,10
suerte,10
prende,10
vivo,10
senda,10
muevelo,10
interesa,10
tigo,10
snap,10
bailandome,10
dejate,10
one,10
banio,10
want,10
muere,10
bailo,10
esquina,10
cielo,10
ley,10
eran,10
bloque,10
hagamo,10
vuelto,10
busque,10
paulo,10
bellacona,10
demas,10
dijo,10
chi,10
decirle,10
with,10
desespero,9
dy,9
rubia,9
sentimiento,9
vos,9
envicia,9
llegan,9
tipa,9
peor,9
matame,9
bellaquita,9
demoras,9
reina,9
decirlo,9
muchas,9
nueva,9
dijeron,9
tanta,9
placer,9
entregarte,9
podia,9
quema,9
rica,9
cine,9
encuentro,9
mm,9
n,9
lejo,9
grito,9
puerto,9
controlar,9
sienta,9
baje,9
yesca,9
telefono,9
comerno,9
color,9
pacto,9
tequila,9
londra,9
cree,9
explota,9
toco,9
venga,9
marea,9
cinco,9
calla,9
venia,9
saliste,9
maldicion,9
enloquecer,9
olvidamo,9
comiendote,9
trueno,9
quisiste,9
medellin,9
fallo,9
callaita,9
peligrosa,9
trato,9
downtown,9
sed,9
olas,9
mierda,9
industria,9
culito,9
bc,9
viendo,9
natti,9
vente,9
zon,9
tarde,9
enseniame,9
mover,9
maquina,9
levante,9
rom,9
serio,9
cabe,9
intentando,9
ciudad,9
volando,9
farru,9
die,8
dandole,8
uy,8
toa,8
cai,8
verda,8
cansa,8
morir,8
tortura,8
manera,8
fantasia,8
hah,8
her,8
moviendote,8
comienza,8
arriba,8
distancia,8
quedaste,8
asesina,8
pusiste,8
soniando,8
linda,8
empiezas,8
hija,8
vive,8
enrola,8
latino,8
diablita,8
aire,8
manuel,8
modo,8
lana,8
lacio,8
rebelo,8
myke,8
rich,8
pares,8
hagamoslo,8
entrego,8
decia,8
asegura,8
menos,8
ratito,8
chula,8
matar,8
atra,8
planes,8
lanzame,8
meta,8
disimular,8
lleva,8
activa,8
damelo,8
piquete,8
aceptar,8
cima,8
wei,8
jodio,8
amanece,8
dilo,8
rompe,8
karol,8
ponle,8
alejandro,8
abrire,8
derrito,8
time,8
ellos,8
bandolero,8
damo,8
barrio,8
trae,8
contarte,8
humo,8
mamarre,8
sonie,8
senti,8
prendia,8
vueltica,8
mama,8
sabor,8
esperen,8
tragos,8
christian,8
ooh,8
perrea,8
is,8
negrito,8
phillie,8
conviene,8
mojadas,8
suficiente,8
rakata,8
vecinos,8
enteren,8
acaso,8
recuerde,8
pal,8
pecar,8
ultimo,8
agua,8
choque,8
hear,8
inc,8
repetir,8
vivirlo,8
aventura,8
labios,8
caramelo,8
mojarte,8
tantas,8
darle,8
ricky,8
again,8
conozco,8
felices,8
jugar,8
fumeteo,8
presion,8
out,8
quite,8
pie,8
eyes,8
seguimo,8
rebota,8
pla,8
esas,8
hablando,8
w,8
tetita,8
respirar,8
gato,8
estabas,8
chica,8
amen,8
infeliz,7
importan,7
abusa,7
primer,7
perdoname,7
sucio,7
reggae,7
silencio,7
pata,7
uohh,7
aquel,7
ohhh,7
estilo,7
matando,7
tomo,7
unos,7
venta,7
baa,7
instinto,7
buscarte,7
puta,7
llamarte,7
comoquiera,7
candy,7
pregunta,7
duermas,7
viernes,7
lleve,7
sabiendo,7
round,7
tun,7
canciones,7
ex,7
guarda,7
posicione,7
subo,7
voz,7
haciendolo,7
justin,7
ayer,7
romance,7
novia,7
aloca,7
consigo,7
empieza,7
pon,7
vete,7
roncan,7
finde,7
rudeboyz,7
choca,7
clandestino,7
sabanas,7
primero,7
tego,7
nene,7
pueblo,7
enteran,7
cojone,7
infiel,7
habitacion,7
truco,7
farsante,7
brilla,7
po,7
dema,7
diez,7
mambo,7
ohh,7
movie,7
vale,7
boom,7
ningun,7
pecado,7
saca,7
shakira,7
quemaste,7
haces,7
miento,7
aguanto,7
auh,7
manos,7
unico,7
sobran,7
subete,7
muriendo,7
acercas,7
explicar,7
bota,7
dulce,7
fanatico,7
decision,7
babe,7
champania,7
ninio,7
corre,7
paro,7
intento,7
natural,7
jajajaja,7
prisa,7
querias,7
big,7
demasiado,7
fria,7
frontea,7
caele,7
imaginate,7
babie,7
adentro,7
mirando,7
enamorar,7
contento,7
sabemo,7
veinte,7
make,7
sonreir,7
pille,7
preocupe,7
yey,7
vayas,7
lluvia,7
miente,7
meti,7
more,7
rumba,7
contestar,7
celular,7
fe,7
anoche,7
desnuda,7
dior,7
botellas,7
made,7
subir,7
pedir,7
conocer,7
tiren,7
divertirse,7
atras,7
enamoramos,7
entiendo,7
dc,7
duermo,7
lady,7
tonto,7
sensacion,7
alright,7
enamoro,7
empuja,7
presta,7
diciendo,7
ibiza,7
cuerpito,7
triste,7
esperame,7
viaje,7
bailas,7
nino,7
pichaba,7
vernos,7
who,7
hecho,7
trr,7
play,6
cerca,6
ninia,6
desearla,6
sacarte,6
desconocidos,6
pesar,6
stop,6
maltratame,6
at,6
hacertelo,6
quedamo,6
meno,6
but,6
mau,6
run,6
oro,6
fire,6
andamo,6
confundirse,6
efecto,6
encontre,6
bryant,6
shot,6
myers,6
llaman,6
dejamos,6
locuras,6
delito,6
crazy,6
adf,6
suele,6
give,6
cagamos,6
enamores,6
sante,6
flore,6
dejaste,6
piden,6
pana,6
pipa,6
snow,6
alas,6
sobrenatural,6
pago,6
sensual,6
mariposas,6
vallenato,6
sos,6
segui,6
ron,6
carril,6
shout,6
just,6
madura,6
wanna,6
presto,6
bailalo,6
gustaba,6
arrugo,6
conquistar,6
cartera,6
sociedad,6
cuchi,6
labia,6
invitan,6
llegamo,6
moria,6
macara,6
cucara,6
mujere,6
angel,6
ignoras,6
area,6
plakata,6
sonrisa,6
enamoraste,6
hagas,6
pases,6
responde,6
pendiente,6
despacio,6
acariciando,6
nike,6
bla,6
conocemo,6
canso,6
vio,6
molesta,6
salen,6
perfecta,6
heh,6
roto,6
ratos,6
acto,6
inmediato,6
tranqui,6
pe,6
batata,6
lor,6
cion,6
pidas,6
pasaran,6
lucir,6
vino,6
estrella,6
hicimos,6
corillo,6
way,6
os,6
gozandose,6
baba,6
ready,6
olvidemo,6
semarihuana,6
mentira,6
piedad,6
lentico,6
congelar,6
castiga,6
babay,6
mientan,6
hablaba,6
inventa,6
nacer,6
enchule,6
querer,6
adios,6
curiosidad,6
ustede,6
calentarte,6
preso,6
habilidad,6
compara,6
k,6
oah,6
miras,6
gozo,6
olvidaste,6
chri,6
anitta,6
zumba,6
adicta,6
odio,6
fallar,6
venas,6
detener,6
desastre,6
munieca,6
explotandome,6
pagame,6
perreando,6
piensa,6
jhayco,6
enredar,6
huyendo,6
haber,6
er,6
besas,6
solito,6
acaba,6
cam,6
segundo,6
new,6
sincero,6
parte,6
muchos,6
debajo,6
sali,6
ar,6
garras,6
apellido,6
austin,6
siendo,6
compre,6
merced,6
confieso,6
prefieres,6
noches,6
pistola,6
jode,6
panty,6
entonce,6
apagamela,6
zungangishiyi,6
ace,6
fc,6
over,6
controlan,6
similar,6
prendo,6
gardeo,6
olvidarte,6
movimiento,6
sacar,6
azul,6
empezamo,6
lambo,6
luian,6
nibiru,6
guste,6
beat,6
note,6
piernas,6
rompa,6
oi,6
chocale,6
comernos,6
vicio,6
oscuro,6
blanquita,5
daniandome,5
paul,5
hazme,5
look,5
quedarme,5
x,5
divino,5
fantasias,5
prender,5
medias,5
ambiente,5
peligro,5
vena,5
hacemos,5
mercedes,5
extrema,5
ilusion,5
bed,5
bote,5
chiquitito,5
pudiera,5
supone,5
mire,5
mezcla,5
nigga,5
viven,5
pareces,5
siquiera,5
brazos,5
podemos,5
ahh,5
martes,5
pegando,5
recogerte,5
poqui,5
mini,5
agresivo,5
phillies,5
rey,5
chencho,5
parce,5
rondon,5
podemo,5
culpable,5
billetes,5
assim,5
perdio,5
vai,5
rockstar,5
rose,5
sobra,5
preguntan,5
reggaetonera,5
andas,5
hables,5
darme,5
loquita,5
bese,5
diferente,5
quedas,5
fuckin,5
tonta,5
flores,5
wo,5
tattoo,5
dificil,5
traigas,5
paragua,5
sobresale,5
aah,5
acuerdas,5
ain,5
sentirlo,5
derecho,5
pique,5
cierren,5
abierta,5
diran,5
estuve,5
conocen,5
celas,5
white,5
piso,5
toita,5
besame,5
compartir,5
guillate,5
sonrisita,5
plata,5
pantalon,5
chocha,5
medicina,5
acercarme,5
digan,5
oooh,5
estrellas,5
gasta,5
dejemo,5
complicado,5
casualidad,5
ame,5
trabajo,5
carretera,5
llegues,5
off,5
hazlo,5
hicimo,5
persona,5
digas,5
cadena,5
estos,5
yeih,5
wah,5
junto,5
aprender,5
repita,5
money,5
historia,5
decidir,5
bellaquera,5
ayuda,5
suspensivos,5
puntos,5
novela,5
rapido,5
super,5
envidiosas,5
tamo,5
llave,5
bobos,5
empezamos,5
canto,5
noriel,5
prenda,5
day,5
regresa,5
dias,5
pr,5
verde,5
besitos,5
ciego,5
sentia,5
arrepiento,5
belleza,5
muchachita,5
trate,5
lenny,5
guerra,5
vuelven,5
dejado,5
teniamos,5
yendo,5
olvides,5
sepas,5
disimulo,5
compromiso,5
arcangel,5
celebrar,5
viejos,5
nerviosa,5
empezo,5
jerry,5
jerusalema,5
gustaban,5
mirame,5
calmar,5
pregunto,5
solteras,5
apague,5
hazle,5
labio,5
paz,5
matamo,5
gustamos,5
pasando,5
velan,5
cae,5
calientas,5
palabras,5
noto,5
escapas,5
pelinegra,5
migo,5
casualida,5
velada,5
paredes,5
ligas,5
escuela,5
acapella,5
comun,5
rompo,5
seducirla,5
nube,5
viendote,5
encontramo,5
amore,5
besan,5
intocable,5
pruebas,5
queme,5
acicala,5
confesaste,5
guardo,5
pieza,5
devorame,5
esconde,5
amaneces,5
rrra,5
bebiendo,5
cante,5
quieran,5
rosa,5
shh,5
tacone,5
trata,5
sentido,5
hable,5
distinto,5
busques,5
dolore,5
decido,4
fugitivo,4
saquenlo,4
escalera,4
gira,4
forma,4
tell,4
debilita,4
asegurado,4
podere,4
robaste,4
ahogarme,4
grita,4
calentura,4
amados,4
wiki,4
fonsi,4
quedan,4
biri,4
guardias,4
haganme,4
verme,4
aprendan,4
sepan,4
tengamo,4
delirio,4
tavarez,4
famoso,4
eo,4
ausencia,4
entonces,4
holla,4
entra,4
adicto,4
sedenlo,4
errores,4
monia,4
ladrone,4
matandonos,4
guardado,4
woah,4
ddy,4
tocarte,4
traga,4
comerme,4
mos,4
vieja,4
fumo,4
demasia,4
threesome,4
prada,4
diviertas,4
pagar,4
carinio,4
instagram,4
bailemos,4
negro,4
tenemo,4
lejito,4
siguelo,4
depresion,4
piuh,4
cupido,4
recuerda,4
levanta,4
muerta,4
hijuepu,4
doce,4
enamorarse,4
calles,4
estabamo,4
llorando,4
men,4
das,4
quitarte,4
practicar,4
fotos,4
viste,4
game,4
valio,4
reclama,4
dandote,4
aguantando,4
excusa,4
uayna,4
timida,4
callenlo,4
santo,4
altura,4
ponerte,4
fruta,4
transpiro,4
lennon,4
muriobaby,4
duars,4
vela,4
prefiero,4
oiste,4
empate,4
sensualidad,4
eq,4
gracia,4
loquito,4
borde,4
actriz,4
perreamo,4
tentado,4
loved,4
postia,4
bebetaki,4
dania,4
rede,4
sobre,4
daria,4
show,4
astuta,4
entrar,4
aguanta,4
bang,4
agarre,4
hacen,4
well,4
cercate,4
batete,4
mientes,4
alante,4
abuso,4
blunt,4
palabra,4
miami,4
traca,4
tome,4
atrapo,4
acelera,4
intimidad,4
rasta,4
supera,4
bcc,4
valora,4
desvestirte,4
acera,4
ram,4
detenerte,4
pensaba,4
jowell,4
lucifer,4
bichota,4
sensei,4
videos,4
exceso,4
becky,4
blow,4
entertainment,4
body,4
grr,4
sueno,4
rompemo,4
cojo,4
short,4
buzo,4
cuaderno,4
dandome,4
matan,4
tumbando,4
club,4
neo,4
ignores,4
sufrimiento,4
mientra,4
ow,4
cierre,4
caer,4
totito,4
borraste,4
decidio,4
pra,4
caen,4
perdon,4
falla,4
entretiene,4
partir,4
creia,4
muchachota,4
metiendole,4
gargolas,4
llamame,4
if,4
fumando,4
olvidate,4
seamos,4
freaky,4
llene,4
mision,4
millon,4
roca,4
face,4
boss,4
bitch,4
mmh,4
volverla,4
aparece,4
vemo,4
eah,4
devora,4
when,4
royce,4
black,4
normale,4
deseando,4
pastilla,4
philippe,4
patek,4
tiran,4
duplico,4
pague,4
mayores,4
father,4
vuelo,4
mall,4
rum,4
acepto,4
puro,4
roce,4
apago,4
figura,4
volveras,4
pude,4
pabon,4
saco,4
pina,4
urgh,4
rafa,4
bf,4
fya,4
despierta,4
guaro,4
tho,4
are,4
julian,4
caigo,4
meneo,4
z,4
eche,4
trepa,4
querian,4
here,4
intentandolo,4
combo,4
caminando,4
dig,4
tar,4
amarra,4
bd,4
avisa,4
remix,4
ec,4
geezy,4
not,4
get,4
jugaria,4
challenge,4
regla,4
llevarte,4
pidiendo,4
mojaita,4
trajo,4
pienses,4
exageras,4
hablan,4
hermana,4
refran,4
sistema,4
dieron,4
suenan,4
azoto,4
repente,4
got,4
jah,4
perce,4
imaginarlo,4
zumbe,4
suelto,4
otras,4
muslo,4
leal,4
jugando,4
size,4
gotta,4
marca,4
jeanes,4
peso,4
sentado,4
pan,4
hablame,4
viajando,4
pelea,4
urba,4
rome,4
gracias,4
pegaito,4
esperandote,4
life,4
coro,4
juquiao,4
diria,4
cerveza,4
global,4
cena,4
monte,4
bawl,4
algun,4
jedis,4
evo,4
olvidarme,4
segura,4
nini,4
princesa,4
banda,4
queremos,4
emborracha,4
animal,4
demente,4
bajar,4
desea,4
cometi,4
traeme,4
quiso,4
estes,4
usa,4
creas,4
crees,4
control,4
juntos,4
booker,4
colombia,4
zion,4
banco,4
quepa,4
nat,4
miradas,4
or,4
duerme,4
domingo,4
gol,4
call,4
boquita,4
jevo,4
feka,4
provocar,4
necesidad,4
condone,4
sonriendo,4
basta,4
bbf,4
sello,3
dance,3
vapor,3
fumarme,3
olor,3
mandame,3
discotek,3
volveria,3
abrirte,3
muelle,3
corleone,3
satisfaccion,3
mueven,3
cervecita,3
respuesta,3
claros,3
hechos,3
sal,3
trabaja,3
sh,3
contesta,3
pediste,3
negarte,3
tengas,3
terminemo,3
mor,3
provoca,3
gratis,3
disculpame,3
manina,3
prru,3
victoria,3
ofrezco,3
buchanan,3
ayude,3
colegio,3
llevate,3
brytiago,3
agarra,3
sarabaraba,3
camilo,3
caminen,3
empiezo,3
compromete,3
trap,3
rrru,3
mate,3
flaca,3
pese,3
hermosa,3
quemando,3
musa,3
waka,3
fiera,3
mirarme,3
colla,3
viviamos,3
leones,3
ahorita,3
brisa,3
friza,3
soltarse,3
estire,3
dicho,3
especial,3
pesen,3
flamenco,3
ponia,3
cazzu,3
gano,3
tiro,3
gastar,3
usame,3
atrajo,3
skrr,3
principal,3
aguantar,3
after,3
promete,3
descubri,3
enemigo,3
misterio,3
cincuenta,3
pali,3
deten,3
adrenalina,3
marido,3
receta,3
regale,3
abren,3
asusta,3
everybody,3
ef,3
conoces,3
decidete,3
amarrar,3
serie,3
favoritos,3
buchi,3
ansiedad,3
dire,3
tuve,3
gritos,3
cultura,3
pirata,3
quedaron,3
ce,3
olvidado,3
king,3
pronto,3
aceptare,3
encontrado,3
crema,3
amenazzy,3
camisa,3
cambiado,3
conformo,3
viento,3
poderes,3
sudando,3
prefiere,3
tocandome,3
dijiste,3
san,3
sazon,3
supiera,3
reir,3
munchies,3
decidi,3
mandan,3
comemo,3
sushi,3
grandes,3
cripa,3
olvidarse,3
desayuno,3
bicha,3
ninguno,3
estuviste,3
dama,3
motel,3
juguete,3
lugares,3
malicia,3
amerita,3
jodan,3
mesa,3
duda,3
amiguita,3
olvidamos,3
wonder,3
pensarlo,3
rude,3
drama,3
piense,3
ily,3
ensenies,3
gustar,3
abrazas,3
prince,3
censura,3
jhon,3
desvestir,3
diver,3
ocupado,3
diario,3
freno,3
mari,3
cauty,3
muerdes,3
ye,3
limbo,3
esquives,3
quererte,3
aviso,3
cosquillitas,3
gotay,3
sucedio,3
farruko,3
ferrari,3
primaria,3
correcto,3
saga,3
varia,3
illuminati,3
estuvieramo,3
llamandome,3
sharo,3
plane,3
andabas,3
amistade,3
seniores,3
pudiste,3
gritar,3
irte,3
excepto,3
ad,3
lie,3
cd,3
kee,3
yan,3
sex,3
comprarte,3
pierdes,3
besa,3
nalgas,3
robo,3
tendencia,3
flex,3
tenias,3
kristoman,3
misa,3
tomes,3
fio,3
llames,3
arropa,3
confio,3
ito,3
mayore,3
enrede,3
devolver,3
memoria,3
victima,3
never,3
dalex,3
haya,3
fake,3
lipa,3
perdone,3
okey,3
vibra,3
guayoteo,3
genero,3
oscuridad,3
lovin,3
legal,3
set,3
tomando,3
verso,3
preocupes,3
latidos,3
despierto,3
conejo,3
yaviah,3
aceleran,3
juquea,3
cotorra,3
espacio,3
celosa,3
comparte,3
seguimos,3
dm,3
atraso,3
contesto,3
maldito,3
tope,3
paciente,3
disfruta,3
borra,3
volvera,3
aq,3
take,3
vem,3
topes,3
ronca,3
cuida,3
juntamo,3
meterte,3
night,3
vip,3
carbon,3
vuelves,3
babydoll,3
llamaste,3
proceso,3
jet,3
tranquilo,3
daniaste,3
entrada,3
ponemo,3
chingar,3
buzon,3
groseria,3
fingiendo,3
recordar,3
entienda,3
location,3
fiber,3
esclavo,3
poner,3
aprovechar,3
jum,3
sexy,3
joey,3
outfit,3
suya,3
dejamo,3
polo,3
pasaba,3
brillar,3
faltas,3
maravilla,3
paciencia,3
formula,3
encontrar,3
fino,3
calderon,3
quise,3
milly,3
devorarte,3
tusa,3
comparo,3
miran,3
desnudarte,3
crack,3
valgo,3
tengan,3
ocho,3
gata,3
escriba,3
blanco,3
sentimos,3
moet,3
viniste,3
razon,3
hijueputa,3
pida,3
opcion,3
traiciono,3
segunda,3
verano,3
alterno,3
cancione,3
marte,3
randy,3
limite,3
vira,3
beba,3
ensenie,3
ita,3
haria,3
jueve,3
vierne,3
envidiosa,3
asesino,3
toto,3
veas,3
grites,3
freeze,3
error,3
uff,3
escribe,3
trataba,3
esperas,3
bear,3
omar,3
bim,3
dom,3
mande,3
jefe,3
qu,3
termine,3
audiencia,3
uouh,3
secuestro,3
mo,3
golpe,3
modelo,3
juan,3
dua,3
miraba,3
ambos,3
entero,3
ego,3
jeon,3
pierdo,3
cheki,3
fila,3
gasto,3
avion,3
lipo,3
wu,3
mahon,3
hacerle,3
interior,3
hielo,3
condena,3
debe,3
rubio,3
diselo,3
envidia,3
ido,3
wanitwa,3
they,3
orma,3
back,3
oop,3
presente,3
millonario,3
superiority,3
gym,3
keityn,3
roja,3
verdadera,3
comienzas,3
everyday,3
susurrando,3
need,3
entierren,3
rah,3
bendecido,3
parecen,3
comiera,3
rolex,3
hookah,3
brrr,3
domina,3
pah,3
pantisito,3
sufrir,3
trabaje,3
sana,3
lalalalalalala,3
besarse,3
atraganta,3
infierno,3
linea,3
shit,3
mires,3
contestaba,3
rompiendote,3
queriendo,3
creci,3
wannabe,3
hablarte,3
ensenio,3
metele,3
escondiendo,3
cadera,3
mato,3
madre,3
vengo,3
everything,3
have,3
completo,3
grabo,3
putas,3
cosita,3
em,3
pecho,3
seguire,3
cambian,3
confundes,3
fama,3
liga,3
queen,3
debo,3
derechos,3
bendiga,3
apreta,3
disfrutar,3
terminamos,3
tierra,3
complace,3
leave,3
haras,3
hoo,3
ronquen,3
dedo,3
betty,3
juanka,3
cause,3
conexion,3
perdemo,3
honda,3
combi,3
decides,3
tomar,3
fucking,3
comemos,3
sabemos,3
still,3
nitro,2
turbo,2
permitir,2
guayaquil,2
hijo,2
favela,2
rusa,2
sa,2
minuto,2
calentamo,2
seis,2
escapemo,2
ocasion,2
vinny,2
machuca,2
rastro,2
argentina,2
esposa,2
celo,2
buenos,2
raza,2
aires,2
complacete,2
pelicula,2
full,2
respondo,2
enfermo,2
fatality,2
enoje,2
dim,2
epico,2
columbia,2
intentarlo,2
yep,2
rote,2
agote,2
cita,2
copas,2
dilema,2
apretaita,2
encuentra,2
diddy,2
juzgar,2
avanzar,2
digitos,2
robaron,2
aclarar,2
soltero,2
entraba,2
lleguen,2
ken,2
modele,2
tera,2
once,2
ten,2
pegan,2
creen,2
milagro,2
posa,2
pertenece,2
salvame,2
acura,2
miren,2
repitamos,2
coy,2
aparte,2
mally,2
existir,2
jue,2
right,2
maquineando,2
cela,2
curva,2
hubo,2
leamo,2
suela,2
posesivo,2
poemas,2
york,2
frank,2
dejes,2
notar,2
ansiosa,2
tratan,2
melancolia,2
confeso,2
salida,2
tesoro,2
agranda,2
directo,2
roam,2
cuerpecito,2
desierto,2
easy,2
rumbo,2
atreveria,2
entendi,2
canta,2
montana,2
maquine,2
felice,2
experto,2
someto,2
botare,2
realidad,2
monton,2
suyo,2
blass,2
socio,2
negocio,2
jugue,2
portaba,2
lay,2
down,2
inspiro,2
inmenso,2
oceano,2
top,2
probaste,2
resalto,2
quienes,2
sentirse,2
andale,2
expre,2
milano,2
blep,2
amarme,2
lennox,2
bajame,2
pre,2
tbt,2
queden,2
hacerme,2
wheeler,2
perree,2
maltratarte,2
fais,2
mais,2
william,2
willy,2
experimentar,2
cazarte,2
capitulo,2
ubi,2
lleguemos,2
comme,2
bouger,2
matemo,2
escribo,2
est,2
jay,2
dinamita,2
volverte,2
besar,2
atrevo,2
fuimo,2
hablo,2
cu,2
guardandote,2
tete,2
style,2
propuesta,2
talentosa,2
jugarme,2
tanning,2
estrellar,2
causas,2
defectos,2
cambiaria,2
sonroja,2
cuido,2
acosan,2
master,2
dispuesta,2
pai,2
arreglamo,2
coja,2
aguante,2
supongamo,2
worldwide,2
hol,2
yeziell,2
intente,2
terminamo,2
fotografias,2
tirate,2
hablaste,2
tumbarmelo,2
demuestrame,2
duko,2
hacienda,2
asume,2
malas,2
ofenda,2
ayo,2
reprenda,2
bailoteo,2
bastante,2
maldita,2
nio,2
garcia,2
parecer,2
brray,2
castigar,2
frisa,2
prendemo,2
changer,2
atrapar,2
air,2
secuencia,2
lastimarte,2
rike,2
calentarme,2
met,2
almighty,2
dispuesto,2
corolla,2
descuida,2
lola,2
name,2
chao,2
carga,2
cartier,2
locos,2
rendirle,2
suite,2
cuentas,2
hechas,2
china,2
viviendo,2
hp,2
presiento,2
quedar,2
pretendientes,2
especialidad,2
klein,2
hacermelo,2
prometi,2
aprovecho,2
exagerado,2
contar,2
calvin,2
cristal,2
avanza,2
escoger,2
encuentre,2
llora,2
mexico,2
demonia,2
god,2
entiende,2
presento,2
estado,2
rio,2
dolar,2
force,2
edad,2
bailamos,2
saque,2
panda,2
anote,2
gastando,2
guayo,2
espionaje,2
funda,2
zumban,2
kawasaki,2
ate,2
ppp,2
snake,2
tv,2
enloquece,2
cuantas,2
really,2
tussi,2
espejo,2
pruebo,2
alguna,2
ajedrez,2
pasarte,2
olerte,2
afectar,2
farra,2
confesarte,2
goza,2
juancho,2
yei,2
fun,2
read,2
chimba,2
borre,2
keep,2
vendo,2
brand,2
doo,2
noviecito,2
imaginaria,2
try,2
acuerdate,2
unas,2
maria,2
daban,2
actitu,2
revolu,2
demora,2
taste,2
how,2
dosis,2
pussy,2
cash,2
broke,2
misses,2
bitches,2
comia,2
escena,2
diamante,2
hard,2
lamborghini,2
should,2
tomamo,2
cacho,2
quitaba,2
jamas,2
ofrecer,2
arrebato,2
pantera,2
empece,2
nieve,2
explosiva,2
parecian,2
aproveche,2
message,2
besen,2
pew,2
atractiva,2
colaboremos,2
conocemos,2
aprovecha,2
yandel,2
desmantela,2
ironia,2
sport,2
tiemblan,2
crei,2
volvia,2
negra,2
olvidaria,2
jure,2
agrandamo,2
babies,2
pasara,2
sirena,2
encendi,2
prueba,2
frena,2
entendemos,2
escucho,2
dayme,2
copa,2
aduenia,2
traigan,2
modelame,2
musik,2
mienta,2
viva,2
sueltan,2
caiga,2
coqueta,2
esconderse,2
tsunami,2
duermes,2
fronteo,2
ola,2
pasemos,2
libertad,2
vacia,2
lleno,2
razones,2
adiccion,2
sales,2
entras,2
aroma,2
sueltes,2
quimico,2
hyde,2
yasso,2
case,2
dynell,2
duela,2
piedra,2
yate,2
respondiera,2
aparecia,2
gangalee,2
hablamo,2
ieh,2
imaginandote,2
esperanza,2
tiguere,2
deseandote,2
imagino,2
apagues,2
regresaras,2
refleja,2
arrepienta,2
convence,2
story,2
solitas,2
mirandote,2
bikini,2
negarlo,2
pasaje,2
haciamo,2
observar,2
salimo,2
prohibida,2
andar,2
meterle,2
muchachos,2
cobre,2
cobertura,2
mates,2
gane,2
carta,2
apagarte,2
inquieta,2
veneno,2
aduenias,2
agrandamos,2
aguardiente,2
destreza,2
sudor,2
straight,2
saludo,2
intenso,2
ajena,2
alta,2
convierte,2
bloqueador,2
zonas,2
subiste,2
opine,2
hablas,2
sobrepasar,2
competencia,2
alfa,2
enamorado,2
amanecemos,2
instala,2
manuscrito,2
laberinto,2
apariencia,2
firmar,2
puedas,2
acuerdes,2
ajeno,2
rou,2
sospecha,2
yih,2
hagan,2
impresionar,2
wason,2
valen,2
escandalo,2
brasa,2
extraniandote,2
acabaron,2
fueran,2
provoque,2
ignorarlo,2
weekend,2
karma,2
bebo,2
jueves,2
lunes,2
sofoque,2
portar,2
lindo,2
borrar,2
confiar,2
actuar,2
respeta,2
lamborghi,2
caserio,2
despego,2
actividad,2
bumper,2
nervioso,2
temblar,2
cuerpazo,2
noo,2
fiu,2
olvidarno,2
jone,2
corazone,2
francia,2
escribes,2
intencion,2
paralizara,2
envidiarte,2
amaneci,2
quecer,2
causa,2
jugoso,2
valdra,2
chicloso,2
virgen,2
policia,2
sino,2
naisgai,2
vean,2
empiezan,2
dejarlo,2
dejarte,2
aliento,2
terminaria,2
enloque,2
empiece,2
quest,2
pasaria,2
desnu,2
besando,2
mojar,2
formal,2
mania,2
hold,2
detras,2
che,2
chiquito,2
haze,2
orgasmo,2
termines,2
sikiri,2
estudio,2
asfixia,2
insiste,2
ilegal,2
excitan,2
entretenerme,2
desespera,2
jaque,2
escapando,2
valentin,2
estres,2
somebody,2
envie,2
pegue,2
hombres,2
concedeme,2
motivacion,2
definicion,2
town,2
maliante,2
puya,2
parceros,2
pensamiento,2
mundial,2
dejando,2
mayor,2
quiza,2
invierno,2
terminan,2
yerno,2
yaah,2
colora,2
dimos,2
truenio,2
nomas,2
aumentas,2
disfrutando,2
terror,2
gaveta,2
temor,2
jama,2
bajita,2
rap,2
fan,2
voltar,2
besamos,2
brazo,2
ting,2
madruga,2
pegas,2
cina,2
curando,2
tina,2
jeva,2
profesion,2
jalo,2
gelatina,2
rebotando,2
nobody,2
desaparecer,2
enfermedad,2
convertido,2
abrazando,2
preguntando,2
pies,2
recortar,2
ilusiones,2
llores,2
recuerdes,2
towy,2
senior,2
devuelveme,2
yao,2
dedos,2
cambiamos,2
suenios,2
damos,2
devuelves,2
eternos,2
juana,2
novios,2
situacion,2
sueltame,2
retratos,2
cambia,2
hater,2
anytime,2
cocina,2
fi,2
odia,2
hunde,2
sammy,2
confunde,2
forget,2
raphy,2
inna,2
visita,2
besaste,2
break,2
beltito,2
lio,2
gps,2
frabian,2
imperio,2
faz,2
ficando,2
peca,2
ojito,2
organico,2
ai,2
ear,2
despechos,2
corra,2
sospeche,2
convirtio,2
confia,2
goce,2
callejon,2
fallan,2
embriagame,2
debilidad,2
direitin,2
volviera,2
ilusiona,2
bata,2
pasto,2
plaza,2
abandona,2
abre,2
cuernos,2
muchacho,2
corte,2
testigos,2
salte,2
quitas,2
conoci,2
ennota,2
cirujano,2
notao,2
arrebatao,2
boto,2
exploto,2
tiburon,2
billete,2
ombligo,2
sacare,2
cooper,2
chacon,2
mr,2
tah,2
llegaron,2
hubiera,2
pusiera,2
leyenda,2
velen,2
fuga,2
au,2
escapate,2
tirando,2
estando,2
desvesti,2
algarete,2
privado,2
respeto,2
chinga,2
nalgota,2
coma,2
ring,2
aguacero,2
mayweather,2
pegar,2
escupe,2
cachas,2
rincon,2
ride,2
typin,2
esperamos,2
cubana,2
adoro,2
hiciera,2
envia,2
convencerte,2
tirame,2
enviame,2
falsetto,2
bie,2
reye,2
brinca,2
bendicion,2
range,2
away,2
hale,2
bro,2
safaera,2
lalalalala,2
aight,2
atreve,2
exotica,2
simpatica,2
quimica,2
ibas,2
jajajajaja,2
acaboy,2
golazo,2
boop,2
dejarme,2
mamita,2
flecha,2
largo,2
dejan,2
diamantes,2
consumirme,2
depende,2
pierda,2
dimo,2
falda,2
abanico,2
parede,2
maldad,2
juntan,2
moverte,2
veria,2
nananana,2
alcanza,2
atormentan,2
sata,2
gritaba,2
clima,2
caminar,2
gistro,2
cobarde,2
perdamos,2
mame,2
cantante,2
sencillo,2
sintio,2
sufrio,2
dejen,2
pasaron,2
piscina,2
leone,2
uni,2
bruto,2
bando,2
cabrones,2
richard,2
logras,2
fogata,2
cartas,2
cuadernos,2
darell,2
cartel,2
iguale,2
regales,2
clave,2
louis,2
calentandome,2
fine,2
sweater,2
invito,2
billionaire,2
jowny,2
excita,2
terreno,2
envuelto,2
nevera,2
tiempos,2
pichear,2
prendan,2
elegantes,2
viajar,2
bello,2
espanto,2
extravagantes,2
forty,2
lucha,2
vuela,2
uber,2
forzando,2
perra,2
pillar,2
maquillar,2
meter,2
kush,2
serle,2
seniora,2
anillo,2
pass,2
descifra,2
medusa,2
seniorita,2
roncando,2
chamaquita,2
versace,2
sala,2
class,2
alcanzare,2
andamos,2
peleando,2
viral,2
champion,2
cha,2
libra,2
lista,2
pornografica,2
fina,2
cali,2
retro,2
cavalli,2
roberto,2
cuero,2
redonda,2
criticando,2
nueve,2
relaje,2
despegate,2
lassie,2
tras,2
robar,2
prendiendo,2
peti,2
dem,2
experiencia,2
masteriza,2
amargura,2
traste,2
debida,2
ideas,2
ciencia,2
clase,2
bo,2
jazzy,2
aura,2
tiraste,2
galan,2
celu,2
costumbre,2
bellaqueando,2
boo,2
psycho,2
poca,2
chingamos,2
nope,2
llamandote,2
ello,2
rara,2
eriza,2
dizque,2
brava,2
tienta,2
tirandome,2
kickin,2
bae,2
fuck,2
coco,2
tendria,2
camina,2
ganar,2
problematico,2
carne,2
cayo,2
frontear,2
testigo,2
fallaron,2
viajo,2
homie,2
some,2
chavos,2
lengua,2
uhm,2
lucky,2
hicieron,2
suenia,2
cago,2
radio,2
owe,2
prrr,2
promo,2
supiste,2
adueniarme,2
acac,2
smart,2
might,2
parisiennes,2
deben,2
cuerno,2
vengas,2
caballero,2
juguemos,2
molestar,2
secreta,2
caga,2
bajamos,2
traten,2
blister,2
altera,2
coleccion,2
crea,2
andan,2
corta,2
vuitton,2
amante,2
acerco,2
repriman,2
prometo,2
guardada,2
activo,2
traguen,2
talla,2
roba,2
callen,2
planta,2
desecho,2
causando,2
parense,2
suene,2
pasion,2
obvio,2
comentan,2
secuelas,2
fresh,2
latinoamericana,2
volviste,2
necesario,2
id,2
rompebicho,2
despierte,2
ingeniero,2
mozart,2
cromo,2
jx,2
mejore,2
jodi,2
pensandote,2
sientete,2
salgan,2
rojo,2
colore,2
penas,2
desenmonia,2
estrello,2
aborrecia,2
confundi,2
cierra,2
lucia,2
premio,2
calentandote,2
poniendome,2
campeon,2
escuchar,2
duenio,2
jova,2
much,2
clasico,2
colombiana,2
certe,2
siguen,2
danie,2
tarado,2
fanatica,2
dominicana,2
perdida,2
true,2
reggaetone,2
sad,2
espalda,2
posiciones,2
inside,2
peleado,2
mexicana,2
soltaras,2
kills,2
tomate,2
dare,2
confianza,2
puto,2
sientas,2
recostao,1
giuseppe,1
taca,1
afincas,1
reparte,1
hamaca,1
evitate,1
chiquititos,1
idioma,1
traiciones,1
apuntamo,1
movimientos,1
demores,1
equi,1
pacas,1
ablanda,1
spaghetti,1
cooperes,1
goma,1
motin,1
butaca,1
borro,1
cinta,1
traba,1
lexus,1
importar,1
rompimos,1
olvidaba,1
webcam,1
alguito,1
traviesa,1
record,1
rompecabeza,1
cantenme,1
cool,1
muela,1
echen,1
conociendote,1
saiyajin,1
dolioson,1
ateo,1
ellas,1
camellos,1
bailamo,1
sabias,1
conocias,1
pue,1
oyeme,1
luchar,1
venganza,1
cereza,1
celos,1
mezclar,1
diciendome,1
maleti,1
volvere,1
fornicar,1
weed,1
daniarme,1
julieta,1
financiarte,1
petite,1
barriguita,1
cuadrito,1
tetri,1
desayunamo,1
froot,1
loops,1
entramo,1
castigarte,1
sweety,1
listen,1
felicidad,1
resalta,1
panama,1
prontito,1
chocaba,1
arruinarme,1
lucecita,1
abra,1
barro,1
equa,1
lave,1
atento,1
carinioso,1
principe,1
protege,1
peligroso,1
gustaste,1
meterno,1
hare,1
ensuciando,1
tabas,1
beauty,1
inseguro,1
niandome,1
enganiandome,1
boobies,1
jolly,1
callo,1
espanta,1
vaso,1
aman,1
patin,1
bombillas,1
kg,1
agradecerte,1
extraordinario,1
sentirme,1
alcanzar,1
gloria,1
restaurant,1
evitar,1
rumores,1
valgan,1
regala,1
habra,1
trincas,1
zuhambe,1
awukho,1
wami,1
matarnos,1
mbuso,1
insistir,1
ayikho,1
yami,1
llegarias,1
ndawo,1
mueves,1
derretir,1
esquive,1
nami,1
conquiste,1
brincas,1
plaga,1
estragos,1
chan,1
genio,1
boyz,1
codigo,1
cianuro,1
canguro,1
patada,1
rompiero,1
reponga,1
reemplazar,1
segun,1
mauri,1
lucas,1
gangsta,1
mago,1
crecer,1
comes,1
pocos,1
labure,1
funciona,1
oportunidades,1
meritocracia,1
mantener,1
impacto,1
contratos,1
mes,1
moneda,1
cobra,1
kevin,1
trabajando,1
adg,1
toser,1
torcer,1
regresas,1
versatilidad,1
gas,1
disque,1
captura,1
edge,1
medallo,1
secaron,1
puentes,1
intentes,1
ganarme,1
gris,1
bombonera,1
aplaude,1
avisale,1
nalguita,1
chimbita,1
engancha,1
mantenerlo,1
viro,1
engania,1
wolfine,1
ganjah,1
techo,1
despecho,1
podria,1
bellaquandote,1
firme,1
because,1
light,1
vole,1
shining,1
gemir,1
cad,1
eb,1
afb,1
empania,1
espania,1
mandale,1
perdas,1
brincoteando,1
extraniarte,1
pensarte,1
importantes,1
empatia,1
brillante,1
tensa,1
hood,1
desestresa,1
lata,1
barata,1
milesimas,1
birra,1
simpleza,1
arania,1
conversacion,1
entranias,1
cuesta,1
gritamo,1
virtud,1
cantamo,1
carroniero,1
sacando,1
calentamiento,1
agitando,1
muevete,1
cumbia,1
mue,1
agujero,1
underground,1
pibe,1
meten,1
yuta,1
duenios,1
preguntamo,1
protesta,1
queman,1
juventud,1
ajenos,1
exquisita,1
under,1
cambiaron,1
amarraron,1
droga,1
disloca,1
coca,1
soniado,1
prometido,1
encontras,1
mecha,1
persigo,1
fijate,1
pensaras,1
doliendo,1
acordate,1
parches,1
salimos,1
salva,1
sentis,1
montania,1
soniar,1
migrania,1
fiebres,1
gvng,1
pxxr,1
fresco,1
purga,1
pulga,1
salto,1
subio,1
desnudita,1
pintura,1
explica,1
ducha,1
modale,1
preventa,1
juzgo,1
ensinar,1
mulher,1
llegaste,1
pasoyo,1
perrie,1
afrodita,1
pasoy,1
libre,1
venezuela,1
cuba,1
generacion,1
triangulo,1
osquel,1
profecy,1
bermuda,1
parcerita,1
bom,1
tudo,1
colaborame,1
zensei,1
watch,1
focus,1
teach,1
moriria,1
seamo,1
abrigarte,1
aprendiste,1
abrazarte,1
querra,1
bachatita,1
aprendeu,1
mim,1
shake,1
ei,1
direitinho,1
inquieto,1
atropello,1
enoja,1
fatigo,1
adulterio,1
terio,1
murmura,1
llevamo,1
masivo,1
efectivo,1
secundario,1
higado,1
digestivo,1
opio,1
disuelve,1
dejemos,1
envuelves,1
dopamina,1
desenvuelves,1
tricky,1
hickie,1
haciendome,1
tapar,1
enamorame,1
repitamo,1
camello,1
condominio,1
alineo,1
porta,1
euros,1
dieciocho,1
aquello,1
carnal,1
planear,1
dartelo,1
beanie,1
mickey,1
destructivo,1
ira,1
regresara,1
brillo,1
principio,1
turro,1
descuido,1
conocido,1
queres,1
decime,1
ausente,1
distante,1
viniendo,1
importarme,1
quere,1
leyes,1
facts,1
recuperar,1
detuve,1
pac,1
tenes,1
royalty,1
throw,1
gozate,1
gozar,1
sirve,1
virar,1
rumore,1
manden,1
solte,1
parranda,1
atrevido,1
bongazo,1
cantazo,1
abran,1
presidencial,1
incline,1
naufrago,1
valore,1
zaac,1
mc,1
actitudes,1
tropkillaz,1
carnavale,1
vuelan,1
telenovela,1
standin,1
confesar,1
then,1
movin,1
waist,1
wind,1
matter,1
better,1
stamina,1
desvelo,1
race,1
cierro,1
seguramente,1
tes,1
complice,1
bio,1
bajaria,1
heladeria,1
refrescame,1
hacian,1
solicitudes,1
ave,1
click,1
reclamar,1
culpes,1
arroba,1
perdiste,1
escalofrio,1
culpar,1
condicion,1
despoja,1
peliculera,1
mercede,1
almas,1
tdh,1
micro,1
tdhpiso,1
escribirle,1
valentia,1
besamo,1
jonniel,1
decepcion,1
inmortale,1
gran,1
cargo,1
santana,1
tezzel,1
alejo,1
diamond,1
dedique,1
sufres,1
bestia,1
ato,1
picos,1
prostituye,1
string,1
gemelas,1
twerking,1
victimaria,1
bailaste,1
desnuita,1
guille,1
pagan,1
reia,1
acaban,1
separa,1
esperaba,1
expira,1
bailabas,1
tenerme,1
encantaba,1
salon,1
bombon,1
imbecil,1
cohete,1
hotel,1
traiga,1
dedico,1
dedica,1
siete,1
tuyas,1
danian,1
diablito,1
tik,1
indecente,1
verla,1
bue,1
pretendiente,1
opaca,1
piba,1
lao,1
tok,1
medico,1
frustrado,1
cansado,1
creer,1
terminado,1
soniamos,1
uuuuh,1
dignidad,1
acompania,1
inventar,1
puh,1
pegao,1
tango,1
onde,1
jeh,1
acelerar,1
brinco,1
tema,1
palpito,1
fresquito,1
erotico,1
chingarme,1
pegandoselas,1
bebimos,1
gozamos,1
gustamo,1
esperamo,1
kenobi,1
gai,1
goldi,1
follow,1
lastiman,1
lagrimas,1
nais,1
eydren,1
piensalo,1
ih,1
ciegas,1
subasta,1
gimnasta,1
fumamos,1
tuvimos,1
misione,1
apoderaron,1
levantame,1
despiertes,1
ladito,1
evita,1
fea,1
revoluce,1
traete,1
cafe,1
xound,1
welldon,1
pichea,1
juzgandome,1
cristale,1
sheesh,1
tum,1
combinacion,1
labial,1
lapiz,1
carbohidratos,1
extasi,1
jura,1
podi,1
fecha,1
enterro,1
elite,1
horny,1
imite,1
vera,1
mentian,1
enserio,1
mintiendole,1
vengandose,1
maltratandose,1
fluir,1
vivetelo,1
acompaniar,1
proximo,1
diente,1
hablale,1
duran,1
pasta,1
mazda,1
rompio,1
coach,1
estampa,1
trampa,1
escampa,1
dejarla,1
celes,1
invalida,1
use,1
rampa,1
discuto,1
luto,1
stripper,1
nigel,1
emm,1
impaciente,1
mirarno,1
eleve,1
escapar,1
complicacione,1
pagamo,1
generan,1
sacaria,1
brigada,1
companiia,1
atormentarme,1
estre,1
paranormal,1
crr,1
tentacion,1
molesto,1
sanz,1
reves,1
acercar,1
poderse,1
acorralao,1
voluntad,1
rajamo,1
chilena,1
perdona,1
traela,1
congela,1
eskeettit,1
acechando,1
monstruo,1
escaparno,1
tremendo,1
pensemo,1
empecemos,1
olvidemono,1
retumbar,1
querida,1
bregamo,1
metemo,1
larguemono,1
explicarte,1
mirarte,1
vives,1
perdiendo,1
reino,1
rozan,1
caemo,1
permiti,1
diciendoselo,1
reality,1
privacidad,1
debility,1
proposito,1
insanity,1
aprieto,1
quality,1
penetra,1
letras,1
devorandonos,1
eternity,1
deliciosa,1
ester,1
preciso,1
debemos,1
sufriendo,1
saluda,1
acariciar,1
sencilla,1
harmony,1
armonico,1
yann,1
valor,1
exposito,1
saliendo,1
viaja,1
celaje,1
reconocerla,1
cierto,1
oscuras,1
soltando,1
salvamo,1
compraria,1
amores,1
estariamo,1
cia,1
pretendo,1
za,1
averguenza,1
wuf,1
maniqui,1
avisar,1
podre,1
desvelandome,1
gdimelo,1
bifi,1
consuelo,1
quile,1
volverlo,1
desconfiado,1
doritos,1
pelis,1
deleite,1
hydro,1
agarrandote,1
locutora,1
uf,1
piedras,1
preciosas,1
enrole,1
doscientos,1
ladrona,1
corone,1
arsa,1
verle,1
aburrio,1
timide,1
contratan,1
admiro,1
einstein,1
inteligente,1
besandote,1
castillo,1
increible,1
hagamolo,1
zule,1
exclusivo,1
preparate,1
antonella,1
messi,1
remojo,1
seca,1
ro,1
zu,1
blanquitos,1
azule,1
ternuras,1
menti,1
valiente,1
relajao,1
diciendote,1
perdonar,1
cio,1
preferidos,1
rindo,1
adida,1
aceite,1
enseniando,1
modelando,1
sativa,1
deshabilito,1
provocativa,1
alejado,1
haberme,1
argentino,1
preocuparte,1
base,1
conformarme,1
nacen,1
bebeo,1
squad,1
hollywood,1
chambea,1
oportuno,1
cicatrice,1
encargalo,1
cognac,1
daba,1
monias,1
momias,1
cuales,1
jujujuju,1
exijas,1
usted,1
sacaste,1
loto,1
grabando,1
rulay,1
deprime,1
pudieras,1
recuerdame,1
certeza,1
encontrarte,1
alegar,1
envidian,1
enemigos,1
been,1
today,1
pretty,1
about,1
think,1
jonas,1
being,1
missing,1
sounds,1
jejejejeje,1
xavo,1
figueroa,1
luis,1
lary,1
jujuju,1
heredar,1
arreglar,1
marbella,1
vacios,1
sienten,1
producer,1
chapear,1
mind,1
loosin,1
grind,1
fourth,1
vipy,1
lanzai,1
illusions,1
attached,1
profile,1
wine,1
wickedest,1
three,1
wild,1
start,1
two,1
abusadora,1
without,1
cantaba,1
galla,1
historias,1
falte,1
mostrarte,1
tratara,1
importo,1
blue,1
respondes,1
pillarla,1
chat,1
saludar,1
guayarle,1
locked,1
grid,1
estribo,1
stay,1
naturally,1
buscaba,1
cambialo,1
dial,1
madrugada,1
dormido,1
corrida,1
frias,1
reposa,1
paraiso,1
tristezas,1
otros,1
destroza,1
contener,1
detenerme,1
aprendi,1
hermes,1
cogerle,1
alucinar,1
behind,1
envolvi,1
necesites,1
mimo,1
consiento,1
happy,1
minutos,1
grise,1
loqui,1
escribir,1
ice,1
subieron,1
tomandose,1
monta,1
vengar,1
caderas,1
andaba,1
enamorando,1
estarme,1
igualmente,1
acelerao,1
latiendo,1
plastico,1
quemabamo,1
bonitas,1
apagare,1
solitos,1
contaste,1
desmayo,1
bellaquearme,1
hashtag,1
jale,1
wuoh,1
destape,1
escape,1
monroig,1
fulla,1
navego,1
sembrando,1
small,1
paras,1
trafica,1
morire,1
veamo,1
karla,1
recorrerte,1
acercaran,1
medicinal,1
comparan,1
contaran,1
causo,1
sur,1
norte,1
perderme,1
clara,1
rolls,1
ru,1
prrra,1
paga,1
callaito,1
plomo,1
palomo,1
bentley,1
gi,1
speed,1
yuh,1
poesias,1
ombe,1
asimilar,1
prendas,1
rostro,1
hibrida,1
buscado,1
muestra,1
habilida,1
guante,1
trinidad,1
intacto,1
niega,1
abrir,1
reik,1
despega,1
cuadre,1
entrega,1
contestaras,1
alejes,1
confundido,1
jugo,1
serenatas,1
poeta,1
tercero,1
impresionarte,1
tatuajes,1
miremos,1
apuesta,1
second,1
agonia,1
acompaniado,1
partida,1
liquidas,1
distraido,1
andariego,1
entierra,1
circulo,1
acostumbro,1
enredo,1
procedo,1
langosta,1
grandota,1
asiento,1
twerkea,1
vueltita,1
turbodiesel,1
costa,1
munchie,1
bonnie,1
conocimos,1
clyde,1
preventiva,1
nubes,1
vacilando,1
pareja,1
toques,1
honeyboos,1
coloca,1
desenfoca,1
concedo,1
seduceme,1
completita,1
hecha,1
zapato,1
besarnos,1
provecho,1
molly,1
quitemonos,1
suben,1
troca,1
misteriosa,1
conecte,1
juguetona,1
hacias,1
brillan,1
quince,1
machinando,1
chico,1
atentamente,1
blanca,1
servidor,1
encantas,1
loteria,1
escojas,1
trilogia,1
traera,1
merezco,1
escribia,1
punteria,1
texto,1
convertiste,1
seras,1
alergico,1
angeles,1
nacio,1
reconoce,1
paraplejico,1
busquen,1
resolver,1
hitmakers,1
building,1
pack,1
world,1
becau,1
sayin,1
track,1
business,1
coraje,1
games,1
cometer,1
golden,1
dieran,1
perpetua,1
chickschicks,1
longside,1
debieras,1
sp,1
combination,1
paramedico,1
metan,1
exquisito,1
autentico,1
desubiques,1
compite,1
necesite,1
soca,1
invite,1
oportunidad,1
reggi,1
energia,1
enfermita,1
empezar,1
travesuras,1
yamilette,1
anormal,1
escuchame,1
cuentale,1
tratarte,1
tickets,1
echo,1
jesus,1
arreglaba,1
bellaquito,1
bachata,1
repito,1
fenix,1
matabamos,1
bellaqueabamos,1
peleabamo,1
putin,1
robitussin,1
ponteme,1
mirala,1
conviertete,1
navegamo,1
punta,1
cana,1
escapamo,1
saoco,1
formando,1
baniado,1
ferre,1
encierre,1
vivan,1
guerreros,1
obrero,1
callejones,1
cientos,1
crackeros,1
kilos,1
extranjero,1
periqueros,1
personajes,1
prostituta,1
maleantes,1
salvajes,1
panameras,1
villa,1
palmeras,1
maxima,1
expresion,1
lealtad,1
aquebranta,1
pesa,1
garganta,1
teme,1
aferre,1
extraniarme,1
prra,1
arreglarlo,1
totos,1
abogado,1
recado,1
vestir,1
divertir,1
miky,1
reconciliacion,1
llamada,1
forzo,1
fluya,1
redes,1
maliantean,1
josea,1
guirita,1
barea,1
dunkear,1
atreven,1
tirar,1
crecio,1
afecta,1
pillamo,1
dormio,1
lambon,1
preguntale,1
gangster,1
arrastramo,1
rodrigue,1
sicaria,1
bayamon,1
pokemon,1
camon,1
llore,1
dramon,1
apoyo,1
mokai,1
hayabusa,1
darselo,1
enfango,1
manchar,1
acho,1
cepilla,1
chupa,1
lollipop,1
arrodilla,1
orientando,1
generacione,1
galactic,1
mojen,1
versatil,1
hostigue,1
ju,1
yoti,1
vico,1
rr,1
kryo,1
investigan,1
narcotraficante,1
trafico,1
prision,1
deal,1
pico,1
drone,1
ubico,1
tos,1
maelo,1
comiamo,1
plato,1
trucos,1
atiendeme,1
kendo,1
kaponi,1
cuide,1
apocalypto,1
directamente,1
suites,1
abras,1
envidio,1
cho,1
acostumbra,1
birrete,1
narco,1
contando,1
recogiendo,1
boquete,1
logra,1
salud,1
repeticion,1
intentar,1
tratar,1
heridas,1
sanan,1
ocultes,1
ocult,1
meci,1
ofreci,1
tantos,1
oyen,1
pendejo,1
creyendome,1
amos,1
tuvo,1
pedazo,1
graduando,1
grosero,1
puteando,1
ea,1
alocate,1
hazte,1
pidio,1
sentias,1
formar,1
decidas,1
durant,1
aro,1
disparo,1
reparo,1
preguntaron,1
criticar,1
ejemplo,1
suponia,1
pulmonia,1
encojono,1
conteste,1
uste,1
salsa,1
ballet,1
valet,1
salido,1
llueve,1
sonrio,1
odiarno,1
hemo,1
vivio,1
negativo,1
esquivo,1
cucu,1
archivo,1
convivo,1
convencer,1
odien,1
espiral,1
tirarnos,1
concentran,1
adderall,1
overall,1
girar,1
separar,1
diles,1
tirarte,1
buh,1
capo,1
jordans,1
rrrrrrah,1
martirio,1
sirio,1
vidrios,1
positivo,1
pecando,1
conocimo,1
penita,1
nace,1
morias,1
miporque,1
gorra,1
supervise,1
mojaste,1
bautice,1
creando,1
iria,1
japon,1
paleta,1
bate,1
azucar,1
algodon,1
echada,1
enredaba,1
pantalla,1
messiah,1
benito,1
diablillo,1
tote,1
competimos,1
uchocha,1
rozando,1
atreva,1
blackpink,1
test,1
fd,1
door,1
bcbc,1
heaven,1
feelin,1
sinner,1
him,1
thank,1
messed,1
his,1
favorite,1
plus,1
sadly,1
dangerous,1
acb,1
commit,1
makes,1
cry,1
making,1
must,1
before,1
too,1
price,1
fumamo,1
incredula,1
cannabis,1
problematica,1
minifalda,1
comporta,1
picha,1
poesia,1
groserias,1
veintiuno,1
paquete,1
remedio,1
contarle,1
secretos,1
almohada,1
videollamada,1
fotico,1
mostrando,1
todito,1
desbaratamo,1
teatro,1
enciendeme,1
romantic,1
piloto,1
automatic,1
botamos,1
miles,1
perdia,1
mojados,1
ibamos,1
maliciosa,1
frene,1
brinque,1
experta,1
pelees,1
esnu,1
nekxum,1
coming,1
soon,1
universidad,1
abrazos,1
decirnos,1
tapete,1
agarraste,1
anillos,1
reloj,1
llevarme,1
memorias,1
comido,1
restaurantes,1
finos,1
sitio,1
necesitas,1
barri,1
jalar,1
masoquista,1
siguiente,1
helado,1
mantiene,1
atados,1
cometen,1
sabio,1
intercambio,1
buscan,1
pegarme,1
escuches,1
contrario,1
divierte,1
ronco,1
cogerte,1
equalizer,1
probe,1
fantasma,1
aparecer,1
muerto,1
cementerio,1
intermedios,1
condon,1
criterio,1
amorfoda,1
cedula,1
tetilla,1
ji,1
sirvo,1
selena,1
weeknd,1
hoodie,1
bape,1
backstage,1
compramos,1
chanel,1
weh,1
toquen,1
imagine,1
infinity,1
bebetiempo,1
comentario,1
acorralen,1
aloque,1
skrrt,1
naturale,1
permiso,1
bajatelo,1
tranquilita,1
dolio,1
descanse,1
active,1
emoji,1
nairobi,1
llegamos,1
putilla,1
empujamelo,1
lourdes,1
iris,1
clavarte,1
arr,1
ugh,1
rola,1
lenta,1
esconda,1
agarralo,1
bonga,1
pepa,1
cachonda,1
audi,1
sierva,1
yerba,1
tirarme,1
selfie,1
superbellaca,1
buoh,1
vistete,1
prendelo,1
rompiste,1
alzando,1
velorio,1
amanezco,1
whiskicito,1
aguita,1
tonica,1
catolica,1
complica,1
indica,1
verdecito,1
desvela,1
probarte,1
encuera,1
temporada,1
pin,1
team,1
aniversario,1
lou,1
saten,1
muerde,1
acuerde,1
hazen,1
chaba,1
baboso,1
hobby,1
malcria,1
lenguita,1
brincando,1
extraniar,1
pario,1
agradezco,1
pertenezco,1
pesco,1
facebook,1
arranca,1
travesura,1
atajo,1
recetario,1
rrrah,1
mordio,1
punieta,1
llevara,1
quiten,1
incito,1
detiene,1
tapate,1
acicalate,1
resuelve,1
chingarte,1
rezo,1
esnua,1
continua,1
quitate,1
juh,1
obligacion,1
mide,1
toalla,1
refiero,1
vista,1
soltar,1
quitarlo,1
martin,1
jesucristo,1
tropece,1
compare,1
compito,1
trepar,1
margarito,1
amarrarte,1
morderte,1
lamberte,1
hablandote,1
bendecida,1
humedecida,1
decida,1
prestao,1
trepao,1
gaga,1
bradley,1
tenme,1
prisionero,1
asustes,1
promesa,1
cuerpos,1
seducen,1
luces,1
sucede,1
perteneces,1
confieses,1
crecen,1
morder,1
manipulandome,1
larga,1
explicale,1
tembla,1
odisea,1
conocerno,1
decirme,1
convencerme,1
podido,1
tatuaje,1
fluyo,1
entierre,1
desconfiar,1
valoramo,1
desaprovechemo,1
compro,1
ga,1
diose,1
calde,1
sintiendo,1
calenton,1
escrache,1
repite,1
pasaste,1
pagina,1
reserva,1
revela,1
hilito,1
escuchaba,1
consejo,1
reflejo,1
emborracho,1
escapo,1
rosada,1
sada,1
deseaba,1
aba,1
devoraba,1
enterraba,1
apodera,1
temblando,1
phantom,1
co,1
eqsalio,1
ronny,1
original,1
maltrata,1
comprometerte,1
rover,1
funde,1
pregunten,1
verdadero,1
junte,1
perrearse,1
sudar,1
aa,1
combina,1
jan,1
dieta,1
gimnasio,1
tiriti,1
amotina,1
sour,1
luli,1
arreglo,1
diablesa,1
sabado,1
confiesa,1
bailamelo,1
fenomenal,1
cesita,1
ransom,1
pinta,1
horario,1
coronamo,1
metiera,1
probaita,1
chingamo,1
chulita,1
chapi,1
chapiadora,1
bellaquisima,1
chingando,1
diploma,1
iguala,1
mainini,1
aborreci,1
amanecias,1
salia,1
jeane,1
empenio,1
prendemos,1
lenio,1
vacio,1
lost,1
sauce,1
ine,1
relajo,1
ix,1
vuelvete,1
controla,1
blita,1
tola,1
muje,1
mudar,1
voa,1
demonio,1
manicomio,1
insomnio,1
sei,1
tekashi,1
nati,1
rrari,1
venimos,1
tatue,1
olvidalo,1
reggaeto,1
haha,1
louboutin,1
traicione,1
perla,1
lastimas,1
anton,1
cartoon,1
beatlllionare,1
comportes,1
calienta,1
television,1
tropiezo,1
kamenazzy,1
seme,1
baiba,1
enchula,1
desayuna,1
checkout,1
extraniando,1
enterar,1
apiadate,1
hit,1
jazz,1
tito,1
nicael,1
predattor,1
rodea,1
observa,1
adapta,1
define,1
mandar,1
enredarte,1
seda,1
vestido,1
impresion,1
corria,1
desabroche,1
cinturon,1
ponertelo,1
cristales,1
quitarme,1
sumisa,1
joven,1
aparenta,1
apreciando,1
desnudez,1
gritabas,1
destaca,1
corresponde,1
ademas,1
oidos,1
beatllionare,1
confiaste,1
ire,1
quedare,1
chance,1
espe,1
sensation,1
devorar,1
iluminati,1
delincuente,1
devuelvo,1
montarse,1
banshee,1
chillar,1
pichando,1
guillar,1
mordia,1
setea,1
junkie,1
desquicia,1
captar,1
mood,1
animale,1
pelua,1
despeluquen,1
hijueputas,1
cuquen,1
numeros,1
eduquen,1
himnos,1
caduquen,1
hadoken,1
extinguieron,1
dinosaurs,1
bichiyal,1
envuelvo,1
guardar,1
resuelvo,1
abraza,1
hermano,1
ames,1
vales,1
longboard,1
giro,1
monotonia,1
encontro,1
entendio,1
dejale,1
alteza,1
cristalina,1
estresa,1
tresa,1
cansaste,1
saste,1
encostraste,1
cocine,1
fregue,1
cojen,1
submarino,1
caco,1
chingo,1
subimo,1
rompimo,1
ascensor,1
prepa,1
bakin,1
breaking,1
sucka,1
repeat,1
valores,1
unicornio,1
prefirio,1
eterno,1
piscis,1
capricornio,1
moderno,1
oculto,1
culto,1
acostumbraste,1
insulto,1
muera,1
tenerno,1
llamaba,1
acosto,1
estudiar,1
textear,1
panita,1
vende,1
tenqui,1
chamaquito,1
temas,1
fichar,1
barbasol,1
hablen,1
manejo,1
embichar,1
crush,1
aburro,1
chichar,1
usar,1
retira,1
switchear,1
converti,1
virale,1
compositor,1
compone,1
emocionen,1
vendio,1
tratando,1
secuela,1
cuela,1
ustedes,1
pagando,1
irse,1
rencor,1
traiganme,1
partysera,1
fium,1
pela,1
sonambulo,1
azotandote,1
angulo,1
preambulo,1
capaz,1
insolito,1
ganico,1
simbolico,1
bolico,1
satanico,1
arca,1
himno,1
tomaste,1
indirectas,1
calentaste,1
espere,1
veia,1
enamorada,1
intenteahora,1
obtiene,1
quisieras,1
pusieras,1
imagina,1
ajaporque,1
director,1
jejeje,1
enemiga,1
dividiendo,1
millo,1
lune,1
jangueando,1
bellaquisimo,1
opera,1
guaya,1
matarno,1
raya,1
extensione,1
reggaetonero,1
melone,1
ranking,1
mandaba,1
taxi,1
jodienda,1
proxima,1
tienda,1
atienda,1
patee,1
gallo,1
bolo,1
comoda,1
torre,1
eiffel,1
paris,1
confiao,1
cambiarle,1
barra,1
causaste,1
preguntandole,1
ciste,1
chiste,1
maldecir,1
naciste,1
chocolate,1
convierten,1
pesadilla,1
jore,1
arcoiri,1
reciban,1
aprende,1
volar,1
exc,1
respiramo,1
humito,1
lluvioso,1
doctor,1
propio,1
devuelva,1
pidiera,1
examen,1
bolt,1
incomoda,1
finjas,1
sarcasmo,1
marash,1
factory,1
capisci,1
omi,1
jb,1
boy,1
usain,1
ghi,1
julio,1
enchulo,1
balada,1
pitcher,1
picheale,1
romanticismo,1
cabrone,1
moviendo,1
sismo,1
jalarte,1
pelito,1
guapo,1
feo,1
exageres,1
jugosa,1
cabania,1
carroza,1
chequee,1
expediente,1
antecedente,1
atrevi,1
conocerte,1
enterarse,1
envolverme,1
desenfoco,1
siru,1
lelo,1
dynamic,1
peleamo,1
grabamo,1
bamo,1
posteamo,1
comeria,1
pecamo,1
camo,1
vaticano,1
cuna,1
bukonja,1
retrato,1
espumosa,1
inestable,1
baniera,1
mambru,1
diplo,1
terraza,1
taza,1
convierto,1
seguridad,1
ganan,1
niveles,1
llevan,1
despertaste,1
drive,1
ching,1
montate,1
sarten,1
cadenas,1
ben,1
maybach,1
benz,1
raf,1
tenido,1
curiosa,1
estudiosa,1
furiosa,1
pruebe,1
olorosa,1
vele,1
pen,1
cambiaremos,1
franco,1
vita,1
princesita,1
serrucho,1
ataque,1
grave,1
envenena,1
inolvidable,1
dla,1
monarquia,1
entregate,1
encargo,1
rrrra,1
mon,1
millie,1
jacob,1
seiko,1
gringo,1
win,1
rusia,1
barrer,1
picando,1
gastarme,1
escaparse,1
saciarme,1
buscarle,1
barbie,1
notificacione,1
jhay,1
cortez,1
partysea,1
cogen,1
entraste,1
metiste,1
finalmente,1
dominarme,1
squeegee,1
aseguro,1
luigi,1
enrolamo,1
buscate,1
hoja,1
luce,1
poseia,1
endemonia,1
gratitu,1
heredaste,1
sacartelo,1
tud,1
insaciable,1
hierve,1
conciencia,1
pides,1
sigas,1
encenderte,1
planeta,1
saybor,1
ronald,1
kapital,1
trote,1
causar,1
alborote,1
derrote,1
michael,1
brun,1
anabelle,1
zorro,1
ahorro,1
fronteras,1
quitan,1
identifican,1
solicitan,1
achica,1
representa,1
bandera,1
encendia,1
fuete,1
incomparable,1
salgas,1
sacudete,1
entro,1
monto,1
tosio,1
lucio,1
esforzo,1
malla,1
marco,1
cristiano,1
ronaldo,1
parto,1
alto,1
asalto,1
exitos,1
benny,1
estanco,1
prosperidad,1
tarda,1
arreglandose,1
dejarse,1
preparen,1
tela,1
afinca,1
quemas,1
julissa,1
maquna,1
aruba,1
dado,1
acorta,1
termino,1
evidente,1
sigueme,1
nou,1
suenalo,1
aceleralo,1
pegalo,1
gozatelo,1
abayarde,1
kiki,1
sou,1
krippy,1
ignorado,1
pelearnos,1
alejarnos,1
taiko,1
definitivo,1
rozas,1
sucedera,1
sostengo,1
acobardes,1
bebidas,1
echando,1
aeropuerto,1
elevando,1
korsou,1
boneiru,1
discrimina,1
ci,1
cherie,1
mienten,1
paramos,1
palo,1
blam,1
ok,1
seguida,1
halo,1
analizando,1
movida,1
principiantes,1
yup,1
perreamos,1
reboten,1
plah,1
exige,1
boten,1
exagera,1
horno,1
iglesia,1
exagero,1
plein,1
airplane,1
terminemos,1
cambiamo,1
wuuh,1
leslie,1
mpc,1
monster,1
dididiri,1
muestrame,1
iman,1
metal,1
acercando,1
armando,1
pulso,1
gustando,1
sentidos,1
tomarlo,1
apuro,1
pensandolo,1
dandolo,1
delicadeza,1
rompecabezas,1
montarlo,1
secret,1
phillip,1
balcone,1
sella,1
completa,1
morar,1
golosa,1
mendoza,1
duki,1
pastillita,1
mita,1
duenia,1
fumarselo,1
ode,1
oet,1
lineas,1
doctorado,1
saberlo,1
llamarme,1
reproches,1
grace,1
sonar,1
intensa,1
indecisa,1
risa,1
marcaste,1
huella,1
griten,1
bendito,1
mientas,1
hara,1
mino,1
reclame,1
llamen,1
acahacerte,1
solto,1
pasear,1
malda,1
amanse,1
trance,1
balance,1
alcance,1
avance,1
magic,1
rhytms,1
major,1
lazer,1
espaniol,1
aprendio,1
perfeccion,1
patria,1
nacion,1
discriminacion,1
religion,1
maestria,1
escapa,1
descubre,1
marciano,1
suceder,1
recojo,1
arrebatamo,1
pensa,1
facturar,1
llegando,1
subiendo,1
oscura,1
deshacer,1
billboard,1
per,1
gatubela,1
nublo,1
ap,1
hublot,1
desnudo,1
judo,1
veras,1
dejare,1
humeda,1
tocate,1
subela,1
rebelde,1
mando,1
comiendo,1
commentary,1
veloz,1
rumora,1
preco,1
inventas,1
cerradura,1
tren,1
matematica,1
comprarme,1
carteras,1
vacantes,1
pensaste,1
plena,1
supieron,1
estallo,1
escribio,1
benzema,1
acertijo,1
descubrir,1
mitad,1
caminito,1
instrucciones,1
robe,1
travieso,1
insta,1
adivina,1
babys,1
shortie,1
fetuccini,1
paseando,1
venecia,1
amnesia,1
necia,1
role,1
deprecia,1
pila,1
taquicardia,1
mario,1
muevalo,1
durisimo,1
champan,1
pedirselo,1
best,1
controlando,1
maffio,1
maximo,1
lider,1
jefes,1
gar,1
ngo,1
fuletea,1
ande,1
oscurito,1
permita,1
sentimental,1
them,1
racks,1
talk,1
us,1
lettin,1
makks,1
profunda,1
atormente,1
copia,1
nicki,1
minaj,1
amanecimo,1
fascina,1
personal,1
gatita,1
exclusive,1
sobrepasa,1
from,1
company,1
pidiendome,1
aguero,1
codeina,1
chingan,1
jack,1
calls,1
slack,1
until,1
llanto,1
screamin,1
toddler,1
friends,1
kyuh,1
used,1
low,1
wasn,1
clubs,1
was,1
realized,1
yet,1
epic,1
fail,1
guys,1
place,1
gettin,1
sittin,1
baddest,1
ever,1
searchin,1
badder,1
enloquecerse,1
bajas,1
hot,1
tape,1
caile,1
perfume,1
traes,1
poderosa,1
escandalosa,1
habran,1
arresto,1
esposas,1
material,1
edicion,1
retumba,1
saludos,1
nenas,1
paralizan,1
detalles,1
alboroto,1
internet,1
subes,1
retumbando,1
bocinas,1
dirili,1
asomen,1
blaze,1
tiritiritiririti,1
rota,1
irie,1
decidido,1
lef,1
ie,1
between,1
dancin,1
nation,1
shakata,1
flat,1
cardboard,1
box,1
reachin,1
blame,1
tective,1
lane,1
vemos,1
saludemos,1
existo,1
conscientes,1
debido,1
fuerza,1
des,1
merito,1
credito,1
motivo,1
peine,1
caballo,1
marcando,1
barreno,1
muerdas,1
anzuelo,1
cumplir,1
dramas,1
aclara,1
sientate,1
morirme,1
solia,1
durar,1
orgia,1
bebeen,1
metiendote,1
rosas,1
enreda,1
bala,1
cierras,1
equivoque,1
aposte,1
recuperarte,1
zapatos,1
lit,1
tendra,1
rip,1
pelos,1
erizame,1
consegui,1
lobo,1
bajamo,1
estreno,1
power,1
navega,1
browser,1
castigala,1
latigazo,1
campeona,1
killa,1
vacila,1
vigilan,1
pelee,1
godzilla,1
tenni,1
grabandote,1
supieras,1
luny,1
esconder,1
deseos,1
cardiaco,1
melodia,1
libreto,1
everywhere,1
gentle,1
entregaba,1
delata,1
tajo,1
aprieta,1
pote,1
podertela,1
untar,1
juntar,1
apuntar,1
preguntar,1
apretar,1
slide,1
rechazar,1
decline,1
condones,1
good,1
morning,1
hello,1
ou,1
bow,1
piensan,1
equivocao,1
yizus,1
piccolo,1
wilfred,1
peleo,1
unta,1
intelligent,1
gotas,1
rias,1
sitios,1
narananana,1
manianas,1
levantas,1
perfecto,1
hueso,1
ofrecerte,1
discotecas,1
carros,1
insignificante,1
mereces,1
europa,1
cayendo,1
balcon,1
acostumbraria,1
diosito,1
formas,1
enganiar,1
ladron,1
escribirte,1
subirle,1
crippy,1
limitless,1
vivi,1
incorrecto,1
maniatica,1
chen,1
ki,1
mueka,1
skillz,1
sub,1
acompaniame,1
guayarte,1
arrestarte,1
criminality,1
vivete,1
flotando,1
gravity,1
obedecer,1
pausa,1
candela,1
faldita,1
modela,1
enferma,1
cancela,1
sandunga,1
bandido,1
zumbale,1
nice,1
rrre,1
sound,1
oreo,1
rollo,1
diluvio,1
asia,1
tinte,1
farmacia,1
apunta,1
encaja,1
zah,1
caja,1
millas,1
derritio,1
descuadra,1
mothafuckin,1
madra,1
cuadra,1
limita,1
desquita,1
wax,1
fast,1
onda,1
tonga,1
guess,1
bun,1
angelina,1
brad,1
pitt,1
moving,1
sun,1
am,1
candles,1
siesta,1
wants,1
gets,1
check,1
pill,1
gustaron,1
reglas,1
lolla,1
acampar,1
montanias,1
cayey,1
librastes,1
charlie,1
desgracia,1
celia,1
cruz,1
bemba,1
camel,1
toe,1
procreando,1
til,1
dancing,1
eramos,1
done,1
date,1
where,1
store,1
kinda,1
scary,1
ouija,1
board,1
gonna,1
hoes,1
talking,1
while,1
popping,1
gold,1
grill,1
whole,1
hate,1
equipaje,1
careful,1
through,1
already,1
tight,1
fallin,1
little,1
jugaba,1
voleibol,1
atleta,1
gondola,1
slogan,1
vayan,1
menear,1
menor,1
quedateme,1
disfraces,1
interpretar,1
pasarlo,1
sugiero,1
fuimos,1
gocen,1
jose,1
safari,1
violento,1
parecemo,1
sicario,1
alguno,1
arrestar,1
amanezca,1
chabe,1
soltaba,1
juraba,1
demostraba,1
guaynaa,1
uaynabichy,1
guayna,1
junito,1
muslos,1
chuleta,1
tobillo,1
martillo,1
saliendose,1
calzoncillo,1
bajale,1
quiniento,1
aborrecimiento,1
brake,1
marrayo,1
charlee,1
parta,1
boton,1
suegros,1
guavate,1
lechon,1
unbelievable,1
chichi,1
kino,1
guaynabichy,1
dante,1
ayy,1
undefeated,1
punani,1
old,1
mike,1
avengers,1
escribias,1
picheas,1
parezco,1
google,1
buscandote,1
waze,1
cuernudo,1
fracasa,1
imaginas,1
disciplina,1
avisame,1
enseniarte,1
reve,1
jumper,1
entreno,1
alzheimer,1
driveway,1
batia,1
maicena,1
metiendo,1
teca,1
slow,1
fueron,1
nalgada,1
raaa,1
equipo,1
bron,1
wade,1
heat,1
genuina,1
lastima,1
tima,1
trepe,1
peores,1
negociantes,1
siqui,1
oficial,1
gemidos,1
graba,1
panticito,1
dolce,1
hablara,1
llovia,1
rompia,1
rosalia,1
chillear,1
apagar,1
tocaba,1
fashioned,1
text,1
ponme,1
both,1
uhh,1
hechizas,1
serte,1
decente,1
sonido,1
recorriendo,1
tocame,1
niaqui,1
nagasaki,1
aki,1
motores,1
anunnakis,1
bajes,1
bardi,1
cardi,1
touch,1
tease,1
squeeze,1
piggy,1
bank,1
hungry,1
feed,1
kiss,1
bliss,1
move,1
aceptarlo,1
caption,1
jacuzzi,1
escondernos,1
repetirlo,1
oirlo,1
disminuirlo,1
trepate,1
picharle,1
parque,1
sniper,1
oportunida,1
ll,1
concediera,1
taco,1
morales,1
magnifico,1
acercarte,1
admirando,1
jo,1
obviamente,1
babylon,1
hop,1
niero,1
